session_test_id,participant_id,trial_id,choice_reference,choice_non_reference,choice_answer,choice_time,choice_comment,,,,,,,,,,,,,,,,,,,,,,,,
hp_ABX_passivetest,hp_mpaa7ht0_ue5boosy,training_akg0_vs_akg60,reference,akg60_m,correct,58902,,,,,,,,,,,,,,,,,,,,,,,,,
hp_ABX_passivetest,hp_mpaa7ht0_ue5boosy,training_akg0_vs_akg60,reference,akg0_f,correct,14625,,,,,,,,,,,,,,,,,,,,,,,,,
hp_ABX_passivetest,hp_mpaa7ht0_ue5boosy,test_withinAKG_noHP_vs_akg12_male_r01,reference,akg12_m_r01,correct,25183,,,,,,,,,,,,,,,,,,,,,,,,,
hp_ABX_passivetest,hp_mpaa7ht0_ue5boosy,test_withinDIY_noHP_vs_diy30_female_r01,reference,diy30_f_r01,correct,28942,,,,,,,,,,,,,,,,,,,,,,,,,
hp_ABX_passivetest,hp_mpaa7ht0_ue5boosy,test_withinAKG_noHP_vs_akg12_female_r01,reference,akg12_f_r01,correct,7615,,,,,,,,,,,,,,,,,,,,,,,,,
hp_ABX_passivetest,hp_mpaa7ht0_ue5boosy,test_withinAKG_noHP_vs_akg45_female_r02,reference,akg45_f_r02,incorrect,8482,,,,,,,,,,,,,,,,,,,,,,,,,
hp_ABX_passivetest,hp_mpaa7ht0_ue5boosy,test_withinAKG_noHP_vs_akg30_male_r03,reference,akg30_m_r03,incorrect,8751,,,,,,,,,,,,,,,,,,,,,,,,,
hp_ABX_passivetest,hp_mpaa7ht0_ue5boosy,test_withinDIY_noHP_vs_diy30_female_r03,reference,diy30_f_r03,correct,68432,,,,,,,,,,,,,,,,,,,,,,,,,
hp_ABX_passivetest,hp_mpaa7ht0_ue5boosy,test_sennheiserDummy_noHP_vs_hd650_female_r03,reference,hd650_f_r03,correct,10163,,,,,,,,,,,,,,,,,,,,,,,,,
hp_ABX_passivetest,hp_mpaa7ht0_ue5boosy,test_withinAKG_noHP_vs_akg0_male_r01,reference,akg0_m_r01,incorrect,32634,,,,,,,,,,,,,,,,,,,,,,,,,
hp_ABX_passivetest,hp_mpaa7ht0_ue5boosy,test_withinAKG_noHP_vs_akg45_male_r02,reference,akg45_m_r02,incorrect,16016,,,,,,,,,,,,,,,,,,,,,,,,,
hp_ABX_passivetest,hp_mpaa7ht0_ue5boosy,test_withinDIY_noHP_vs_diy45_male_r01,reference,diy45_m_r01,correct,32180,,,,,,,,,,,,,,,,,,,,,,,,,
hp_ABX_passivetest,hp_mpaa7ht0_ue5boosy,test_withinAKG_noHP_vs_akg12_male_r03,reference,akg12_m_r03,correct,12716,,,,,,,,,,,,,,,,,,,,,,,,,
hp_ABX_passivetest,hp_mpaa7ht0_ue5boosy,test_withinAKG_noHP_vs_akg60_female_r01,reference,akg60_f_r01,correct,13615,,,,,,,,,,,,,,,,,,,,,,,,,
hp_ABX_passivetest,hp_mpaa7ht0_ue5boosy,test_withinDIY_noHP_vs_diy12_female_r02,reference,diy12_f_r02,incorrect,15497,,,,,,,,,,,,,,,,,,,,,,,,,
hp_ABX_passivetest,hp_mpaa7ht0_ue5boosy,test_withinDIY_noHP_vs_diy30_male_r03,reference,diy30_m_r03,correct,93666,,,,,,,,,,,,,,,,,,,,,,,,,
hp_ABX_passivetest,hp_mpaa7ht0_ue5boosy,test_withinDIY_noHP_vs_diy45_male_r03,reference,diy45_m_r03,correct,11754,,,,,,,,,,,,,,,,,,,,,,,,,
hp_ABX_passivetest,hp_mpaa7ht0_ue5boosy,test_withinAKG_noHP_vs_akg60_female_r03,reference,akg60_f_r03,correct,13746,,,,,,,,,,,,,,,,,,,,,,,,,
hp_ABX_passivetest,hp_mpaa7ht0_ue5boosy,test_withinAKG_noHP_vs_akg0_female_r02,reference,akg0_f_r02,correct,33266,,,,,,,,,,,,,,,,,,,,,,,,,
hp_ABX_passivetest,hp_mpaa7ht0_ue5boosy,test_withinDIY_noHP_vs_diy30_female_r02,reference,diy30_f_r02,correct,14414,,,,,,,,,,,,,,,,,,,,,,,,,
hp_ABX_passivetest,hp_mpaa7ht0_ue5boosy,test_withinAKG_noHP_vs_akg30_female_r03,reference,akg30_f_r03,correct,7114,,,,,,,,,,,,,,,,,,,,,,,,,
hp_ABX_passivetest,hp_mpaa7ht0_ue5boosy,test_withinDIY_noHP_vs_diy12_male_r02,reference,diy12_m_r02,correct,11592,,,,,,,,,,,,,,,,,,,,,,,,,
hp_ABX_passivetest,hp_mpaa7ht0_ue5boosy,test_withinAKG_noHP_vs_akg45_female_r03,reference,akg45_f_r03,correct,32946,,,,,,,,,,,,,,,,,,,,,,,,,
hp_ABX_passivetest,hp_mpaa7ht0_ue5boosy,test_withinAKG_noHP_vs_akg30_female_r02,reference,akg30_f_r02,correct,15425,,,,,,,,,,,,,,,,,,,,,,,,,
hp_ABX_passivetest,hp_mpaa7ht0_ue5boosy,test_sennheiserDummy_noHP_vs_hd650_male_r01,reference,hd650_m_r01,correct,5547,,,,,,,,,,,,,,,,,,,,,,,,,
hp_ABX_passivetest,hp_mpaa7ht0_ue5boosy,test_withinDIY_noHP_vs_diy12_female_r01,reference,diy12_f_r01,correct,12046,,,,,,,,,,,,,,,,,,,,,,,,,
hp_ABX_passivetest,hp_mpaa7ht0_ue5boosy,test_withinAKG_noHP_vs_akg60_male_r02,reference,akg60_m_r02,correct,23403,,,,,,,,,,,,,,,,,,,,,,,,,
hp_ABX_passivetest,hp_mpaa7ht0_ue5boosy,test_withinAKG_noHP_vs_akg12_female_r02,reference,akg12_f_r02,correct,30916,,,,,,,,,,,,,,,,,,,,,,,,,
hp_ABX_passivetest,hp_mpaa7ht0_ue5boosy,test_withinAKG_noHP_vs_akg0_female_r01,reference,akg0_f_r01,correct,5614,,,,,,,,,,,,,,,,,,,,,,,,,
hp_ABX_passivetest,hp_mpaa7ht0_ue5boosy,test_withinAKG_noHP_vs_akg45_male_r03,reference,akg45_m_r03,correct,8247,,,,,,,,,,,,,,,,,,,,,,,,,
hp_ABX_passivetest,hp_mpaa7ht0_ue5boosy,test_sennheiserDummy_noHP_vs_hd650_female_r01,reference,hd650_f_r01,correct,20034,,,,,,,,,,,,,,,,,,,,,,,,,
hp_ABX_passivetest,hp_mpaa7ht0_ue5boosy,test_withinDIY_noHP_vs_diy45_female_r02,reference,diy45_f_r02,incorrect,10246,,,,,,,,,,,,,,,,,,,,,,,,,
hp_ABX_passivetest,hp_mpaa7ht0_ue5boosy,test_withinDIY_noHP_vs_diy12_male_r01,reference,diy12_m_r01,correct,8229,,,,,,,,,,,,,,,,,,,,,,,,,
hp_ABX_passivetest,hp_mpaa7ht0_ue5boosy,test_withinAKG_noHP_vs_akg45_female_r01,reference,akg45_f_r01,incorrect,14247,,,,,,,,,,,,,,,,,,,,,,,,,
hp_ABX_passivetest,hp_mpaa7ht0_ue5boosy,test_withinDIY_noHP_vs_diy45_female_r01,reference,diy45_f_r01,incorrect,19682,,,,,,,,,,,,,,,,,,,,,,,,,
hp_ABX_passivetest,hp_mpaa7ht0_ue5boosy,test_withinAKG_noHP_vs_akg0_female_r03,reference,akg0_f_r03,incorrect,11115,,,,,,,,,,,,,,,,,,,,,,,,,
hp_ABX_passivetest,hp_mpaa7ht0_ue5boosy,test_withinDIY_noHP_vs_diy12_female_r03,reference,diy12_f_r03,incorrect,11220,,,,,,,,,,,,,,,,,,,,,,,,,
hp_ABX_passivetest,hp_mpaa7ht0_ue5boosy,test_sennheiserDummy_noHP_vs_hd650_male_r03,reference,hd650_m_r03,correct,14381,,,,,,,,,,,,,,,,,,,,,,,,,
hp_ABX_passivetest,hp_mpaa7ht0_ue5boosy,test_withinDIY_noHP_vs_diy45_male_r02,reference,diy45_m_r02,incorrect,41265,,,,,,,,,,,,,,,,,,,,,,,,,
hp_ABX_passivetest,hp_mpaa7ht0_ue5boosy,test_withinAKG_noHP_vs_akg30_female_r01,reference,akg30_f_r01,correct,22697,,,,,,,,,,,,,,,,,,,,,,,,,
hp_ABX_passivetest,hp_mpaa7ht0_ue5boosy,test_withinDIY_noHP_vs_diy45_female_r03,reference,diy45_f_r03,correct,10980,,,,,,,,,,,,,,,,,,,,,,,,,
hp_ABX_passivetest,hp_mpaa7ht0_ue5boosy,test_withinDIY_noHP_vs_diy30_male_r02,reference,diy30_m_r02,correct,7832,,,,,,,,,,,,,,,,,,,,,,,,,
hp_ABX_passivetest,hp_mpaa7ht0_ue5boosy,test_withinDIY_noHP_vs_diy30_male_r01,reference,diy30_m_r01,correct,13549,,,,,,,,,,,,,,,,,,,,,,,,,
hp_ABX_passivetest,hp_mpaa7ht0_ue5boosy,test_withinAKG_noHP_vs_akg0_male_r02,reference,akg0_m_r02,correct,18646,,,,,,,,,,,,,,,,,,,,,,,,,
hp_ABX_passivetest,hp_mpaa7ht0_ue5boosy,test_withinAKG_noHP_vs_akg60_male_r01,reference,akg60_m_r01,correct,9764,,,,,,,,,,,,,,,,,,,,,,,,,
hp_ABX_passivetest,hp_mpaa7ht0_ue5boosy,test_sennheiserDummy_noHP_vs_hd650_female_r02,reference,hd650_f_r02,correct,6384,,,,,,,,,,,,,,,,,,,,,,,,,
hp_ABX_passivetest,hp_mpaa7ht0_ue5boosy,test_withinAKG_noHP_vs_akg60_female_r02,reference,akg60_f_r02,correct,12070,,,,,,,,,,,,,,,,,,,,,,,,,
hp_ABX_passivetest,hp_mpaa7ht0_ue5boosy,test_withinAKG_noHP_vs_akg60_male_r03,reference,akg60_m_r03,correct,10481,,,,,,,,,,,,,,,,,,,,,,,,,
hp_ABX_passivetest,hp_mpaa7ht0_ue5boosy,test_withinAKG_noHP_vs_akg30_male_r01,reference,akg30_m_r01,incorrect,8647,,,,,,,,,,,,,,,,,,,,,,,,,
hp_ABX_passivetest,hp_mpaa7ht0_ue5boosy,test_withinAKG_noHP_vs_akg30_male_r02,reference,akg30_m_r02,correct,23647,,,,,,,,,,,,,,,,,,,,,,,,,
hp_ABX_passivetest,hp_mpaa7ht0_ue5boosy,test_withinAKG_noHP_vs_akg0_male_r03,reference,akg0_m_r03,correct,12666,,,,,,,,,,,,,,,,,,,,,,,,,
hp_ABX_passivetest,hp_mpaa7ht0_ue5boosy,test_withinAKG_noHP_vs_akg12_female_r03,reference,akg12_f_r03,incorrect,15847,,,,,,,,,,,,,,,,,,,,,,,,,
hp_ABX_passivetest,hp_mpaa7ht0_ue5boosy,test_sennheiserDummy_noHP_vs_hd650_male_r02,reference,hd650_m_r02,correct,11848,,,,,,,,,,,,,,,,,,,,,,,,,
hp_ABX_passivetest,hp_mpaa7ht0_ue5boosy,test_withinDIY_noHP_vs_diy12_male_r03,reference,diy12_m_r03,correct,22897,,,,,,,,,,,,,,,,,,,,,,,,,
hp_ABX_passivetest,hp_mpaa7ht0_ue5boosy,test_withinAKG_noHP_vs_akg45_male_r01,reference,akg45_m_r01,correct,4813,,,,,,,,,,,,,,,,,,,,,,,,,
hp_ABX_passivetest,hp_mpaa7ht0_ue5boosy,test_withinAKG_noHP_vs_akg12_male_r02,reference,akg12_m_r02,incorrect,6985,,,,,,,,,,,,,,,,,,,,,,,,,
hp_ABX_passivetest,hp_mpaylujd_2il4k19e,training_akg0_vs_akg60,reference,akg60_m,correct,39480,,,,,,,,,,,,,,,,,,,,,,,,,
hp_ABX_passivetest,hp_mpaylujd_2il4k19e,training_akg0_vs_akg60,reference,akg0_f,correct,24947,,,,,,,,,,,,,,,,,,,,,,,,,
hp_ABX_passivetest,hp_mpaylujd_2il4k19e,test_withinAKG_noHP_vs_akg0_female_r02,reference,akg0_f_r02,correct,25111,,,,,,,,,,,,,,,,,,,,,,,,,
hp_ABX_passivetest,hp_mpaylujd_2il4k19e,test_withinAKG_noHP_vs_akg0_male_r03,reference,akg0_m_r03,correct,16409,,,,,,,,,,,,,,,,,,,,,,,,,
hp_ABX_passivetest,hp_mpaylujd_2il4k19e,test_withinDIY_noHP_vs_diy45_female_r03,reference,diy45_f_r03,correct,35174,,,,,,,,,,,,,,,,,,,,,,,,,
hp_ABX_passivetest,hp_mpaylujd_2il4k19e,test_withinDIY_noHP_vs_diy12_male_r01,reference,diy12_m_r01,correct,16283,,,,,,,,,,,,,,,,,,,,,,,,,
hp_ABX_passivetest,hp_mpaylujd_2il4k19e,test_withinDIY_noHP_vs_diy45_male_r03,reference,diy45_m_r03,correct,19270,,,,,,,,,,,,,,,,,,,,,,,,,
hp_ABX_passivetest,hp_mpaylujd_2il4k19e,test_withinDIY_noHP_vs_diy45_female_r02,reference,diy45_f_r02,correct,85312,,,,,,,,,,,,,,,,,,,,,,,,,
hp_ABX_passivetest,hp_mpaylujd_2il4k19e,test_withinAKG_noHP_vs_akg0_male_r01,reference,akg0_m_r01,correct,12913,,,,,,,,,,,,,,,,,,,,,,,,,
hp_ABX_passivetest,hp_mpaylujd_2il4k19e,test_withinAKG_noHP_vs_akg12_male_r03,reference,akg12_m_r03,correct,14663,,,,,,,,,,,,,,,,,,,,,,,,,
hp_ABX_passivetest,hp_mpaylujd_2il4k19e,test_sennheiserDummy_noHP_vs_hd650_male_r03,reference,hd650_m_r03,correct,8863,,,,,,,,,,,,,,,,,,,,,,,,,
hp_ABX_passivetest,hp_mpaylujd_2il4k19e,test_withinAKG_noHP_vs_akg45_male_r03,reference,akg45_m_r03,correct,27345,,,,,,,,,,,,,,,,,,,,,,,,,
hp_ABX_passivetest,hp_mpaylujd_2il4k19e,test_withinAKG_noHP_vs_akg0_male_r02,reference,akg0_m_r02,correct,6447,,,,,,,,,,,,,,,,,,,,,,,,,
hp_ABX_passivetest,hp_mpaylujd_2il4k19e,test_sennheiserDummy_noHP_vs_hd650_female_r01,reference,hd650_f_r01,correct,11880,,,,,,,,,,,,,,,,,,,,,,,,,
hp_ABX_passivetest,hp_mpaylujd_2il4k19e,test_withinDIY_noHP_vs_diy12_female_r02,reference,diy12_f_r02,correct,14365,,,,,,,,,,,,,,,,,,,,,,,,,
hp_ABX_passivetest,hp_mpaylujd_2il4k19e,test_withinAKG_noHP_vs_akg12_female_r01,reference,akg12_f_r01,correct,28661,,,,,,,,,,,,,,,,,,,,,,,,,
hp_ABX_passivetest,hp_mpaylujd_2il4k19e,test_withinDIY_noHP_vs_diy12_male_r02,reference,diy12_m_r02,correct,29113,,,,,,,,,,,,,,,,,,,,,,,,,
hp_ABX_passivetest,hp_mpaylujd_2il4k19e,test_withinAKG_noHP_vs_akg30_male_r03,reference,akg30_m_r03,correct,15715,,,,,,,,,,,,,,,,,,,,,,,,,
hp_ABX_passivetest,hp_mpaylujd_2il4k19e,test_withinDIY_noHP_vs_diy30_female_r02,reference,diy30_f_r02,correct,26229,,,,,,,,,,,,,,,,,,,,,,,,,
hp_ABX_passivetest,hp_mpaylujd_2il4k19e,test_sennheiserDummy_noHP_vs_hd650_male_r02,reference,hd650_m_r02,correct,9496,,,,,,,,,,,,,,,,,,,,,,,,,
hp_ABX_passivetest,hp_mpaylujd_2il4k19e,test_withinAKG_noHP_vs_akg30_female_r03,reference,akg30_f_r03,correct,49778,,,,,,,,,,,,,,,,,,,,,,,,,
hp_ABX_passivetest,hp_mpaylujd_2il4k19e,test_withinAKG_noHP_vs_akg45_male_r01,reference,akg45_m_r01,correct,46870,,,,,,,,,,,,,,,,,,,,,,,,,
hp_ABX_passivetest,hp_mpaylujd_2il4k19e,test_withinDIY_noHP_vs_diy12_female_r03,reference,diy12_f_r03,correct,7144,,,,,,,,,,,,,,,,,,,,,,,,,
hp_ABX_passivetest,hp_mpaylujd_2il4k19e,test_withinDIY_noHP_vs_diy30_male_r01,reference,diy30_m_r01,correct,7974,,,,,,,,,,,,,,,,,,,,,,,,,
hp_ABX_passivetest,hp_mpaylujd_2il4k19e,test_withinAKG_noHP_vs_akg60_female_r02,reference,akg60_f_r02,correct,13098,,,,,,,,,,,,,,,,,,,,,,,,,
hp_ABX_passivetest,hp_mpaylujd_2il4k19e,test_withinAKG_noHP_vs_akg0_female_r01,reference,akg0_f_r01,correct,6296,,,,,,,,,,,,,,,,,,,,,,,,,
hp_ABX_passivetest,hp_mpaylujd_2il4k19e,test_sennheiserDummy_noHP_vs_hd650_female_r02,reference,hd650_f_r02,correct,4950,,,,,,,,,,,,,,,,,,,,,,,,,
hp_ABX_passivetest,hp_mpaylujd_2il4k19e,test_withinAKG_noHP_vs_akg45_female_r03,reference,akg45_f_r03,correct,29011,,,,,,,,,,,,,,,,,,,,,,,,,
hp_ABX_passivetest,hp_mpaylujd_2il4k19e,test_withinDIY_noHP_vs_diy30_male_r02,reference,diy30_m_r02,correct,6117,,,,,,,,,,,,,,,,,,,,,,,,,
hp_ABX_passivetest,hp_mpaylujd_2il4k19e,test_withinAKG_noHP_vs_akg12_female_r02,reference,akg12_f_r02,correct,11096,,,,,,,,,,,,,,,,,,,,,,,,,
hp_ABX_passivetest,hp_mpaylujd_2il4k19e,test_withinDIY_noHP_vs_diy30_female_r03,reference,diy30_f_r03,correct,11980,,,,,,,,,,,,,,,,,,,,,,,,,
hp_ABX_passivetest,hp_mpaylujd_2il4k19e,test_withinAKG_noHP_vs_akg30_male_r02,reference,akg30_m_r02,correct,21346,,,,,,,,,,,,,,,,,,,,,,,,,
hp_ABX_passivetest,hp_mpaylujd_2il4k19e,test_withinDIY_noHP_vs_diy12_male_r03,reference,diy12_m_r03,correct,4767,,,,,,,,,,,,,,,,,,,,,,,,,
hp_ABX_passivetest,hp_mpaylujd_2il4k19e,test_withinDIY_noHP_vs_diy12_female_r01,reference,diy12_f_r01,correct,5128,,,,,,,,,,,,,,,,,,,,,,,,,
hp_ABX_passivetest,hp_mpaylujd_2il4k19e,test_withinAKG_noHP_vs_akg45_male_r02,reference,akg45_m_r02,correct,18830,,,,,,,,,,,,,,,,,,,,,,,,,
hp_ABX_passivetest,hp_mpaylujd_2il4k19e,test_sennheiserDummy_noHP_vs_hd650_female_r03,reference,hd650_f_r03,correct,5628,,,,,,,,,,,,,,,,,,,,,,,,,
hp_ABX_passivetest,hp_mpaylujd_2il4k19e,test_withinAKG_noHP_vs_akg30_female_r01,reference,akg30_f_r01,correct,22146,,,,,,,,,,,,,,,,,,,,,,,,,
hp_ABX_passivetest,hp_mpaylujd_2il4k19e,test_withinDIY_noHP_vs_diy45_male_r02,reference,diy45_m_r02,correct,13216,,,,,,,,,,,,,,,,,,,,,,,,,
hp_ABX_passivetest,hp_mpaylujd_2il4k19e,test_withinDIY_noHP_vs_diy45_female_r01,reference,diy45_f_r01,correct,29714,,,,,,,,,,,,,,,,,,,,,,,,,
hp_ABX_passivetest,hp_mpaylujd_2il4k19e,test_withinAKG_noHP_vs_akg30_female_r02,reference,akg30_f_r02,correct,27513,,,,,,,,,,,,,,,,,,,,,,,,,
hp_ABX_passivetest,hp_mpaylujd_2il4k19e,test_withinAKG_noHP_vs_akg12_female_r03,reference,akg12_f_r03,correct,11330,,,,,,,,,,,,,,,,,,,,,,,,,
hp_ABX_passivetest,hp_mpaylujd_2il4k19e,test_withinAKG_noHP_vs_akg0_female_r03,reference,akg0_f_r03,correct,11697,,,,,,,,,,,,,,,,,,,,,,,,,
hp_ABX_passivetest,hp_mpaylujd_2il4k19e,test_withinAKG_noHP_vs_akg12_male_r01,reference,akg12_m_r01,correct,4646,,,,,,,,,,,,,,,,,,,,,,,,,
hp_ABX_passivetest,hp_mpaylujd_2il4k19e,test_sennheiserDummy_noHP_vs_hd650_male_r01,reference,hd650_m_r01,correct,4330,,,,,,,,,,,,,,,,,,,,,,,,,
hp_ABX_passivetest,hp_mpaylujd_2il4k19e,test_withinAKG_noHP_vs_akg60_male_r01,reference,akg60_m_r01,correct,7346,,,,,,,,,,,,,,,,,,,,,,,,,
hp_ABX_passivetest,hp_mpaylujd_2il4k19e,test_withinDIY_noHP_vs_diy30_male_r03,reference,diy30_m_r03,correct,5615,,,,,,,,,,,,,,,,,,,,,,,,,
hp_ABX_passivetest,hp_mpaylujd_2il4k19e,test_withinAKG_noHP_vs_akg45_female_r01,reference,akg45_f_r01,correct,9112,,,,,,,,,,,,,,,,,,,,,,,,,
hp_ABX_passivetest,hp_mpaylujd_2il4k19e,test_withinAKG_noHP_vs_akg60_female_r01,reference,akg60_f_r01,correct,15446,,,,,,,,,,,,,,,,,,,,,,,,,
hp_ABX_passivetest,hp_mpaylujd_2il4k19e,test_withinAKG_noHP_vs_akg30_male_r01,reference,akg30_m_r01,correct,17295,,,,,,,,,,,,,,,,,,,,,,,,,
hp_ABX_passivetest,hp_mpaylujd_2il4k19e,test_withinDIY_noHP_vs_diy30_female_r01,reference,diy30_f_r01,correct,10246,,,,,,,,,,,,,,,,,,,,,,,,,
hp_ABX_passivetest,hp_mpaylujd_2il4k19e,test_withinAKG_noHP_vs_akg45_female_r02,reference,akg45_f_r02,correct,55263,,,,,,,,,,,,,,,,,,,,,,,,,
hp_ABX_passivetest,hp_mpaylujd_2il4k19e,test_withinAKG_noHP_vs_akg60_male_r03,reference,akg60_m_r03,correct,6482,,,,,,,,,,,,,,,,,,,,,,,,,
hp_ABX_passivetest,hp_mpaylujd_2il4k19e,test_withinAKG_noHP_vs_akg60_male_r02,reference,akg60_m_r02,correct,11212,,,,,,,,,,,,,,,,,,,,,,,,,
hp_ABX_passivetest,hp_mpaylujd_2il4k19e,test_withinAKG_noHP_vs_akg12_male_r02,reference,akg12_m_r02,correct,6830,,,,,,,,,,,,,,,,,,,,,,,,,
hp_ABX_passivetest,hp_mpaylujd_2il4k19e,test_withinDIY_noHP_vs_diy45_male_r01,reference,diy45_m_r01,correct,30631,,,,,,,,,,,,,,,,,,,,,,,,,
hp_ABX_passivetest,hp_mpaylujd_2il4k19e,test_withinAKG_noHP_vs_akg60_female_r03,reference,akg60_f_r03,correct,10745,,,,,,,,,,,,,,,,,,,,,,,,,
hp_ABX_passivetest,hp_mpb2uybn_6hvdu043,training_akg0_vs_akg60,reference,akg60_m,correct,41595,,,,,,,,,,,,,,,,,,,,,,,,,
hp_ABX_passivetest,hp_mpb2uybn_6hvdu043,training_akg0_vs_akg60,reference,akg0_f,correct,16199,,,,,,,,,,,,,,,,,,,,,,,,,
hp_ABX_passivetest,hp_mpb2uybn_6hvdu043,test_withinDIY_noHP_vs_diy12_female_r03,reference,diy12_f_r03,correct,35832,,,,,,,,,,,,,,,,,,,,,,,,,
hp_ABX_passivetest,hp_mpb2uybn_6hvdu043,test_withinDIY_noHP_vs_diy30_female_r02,reference,diy30_f_r02,correct,25427,,,,,,,,,,,,,,,,,,,,,,,,,
hp_ABX_passivetest,hp_mpb2uybn_6hvdu043,test_withinAKG_noHP_vs_akg60_male_r01,reference,akg60_m_r01,correct,41596,,,,,,,,,,,,,,,,,,,,,,,,,
hp_ABX_passivetest,hp_mpb2uybn_6hvdu043,test_sennheiserDummy_noHP_vs_hd650_female_r02,reference,hd650_f_r02,correct,8781,,,,,,,,,,,,,,,,,,,,,,,,,
hp_ABX_passivetest,hp_mpb2uybn_6hvdu043,test_withinAKG_noHP_vs_akg30_male_r02,reference,akg30_m_r02,correct,31884,,,,,,,,,,,,,,,,,,,,,,,,,
hp_ABX_passivetest,hp_mpb2uybn_6hvdu043,test_withinAKG_noHP_vs_akg0_female_r01,reference,akg0_f_r01,correct,14999,,,,,,,,,,,,,,,,,,,,,,,,,
hp_ABX_passivetest,hp_mpb2uybn_6hvdu043,test_withinAKG_noHP_vs_akg60_female_r01,reference,akg60_f_r01,incorrect,20797,,,,,,,,,,,,,,,,,,,,,,,,,
hp_ABX_passivetest,hp_mpb2uybn_6hvdu043,test_withinDIY_noHP_vs_diy45_male_r03,reference,diy45_m_r03,incorrect,17283,,,,,,,,,,,,,,,,,,,,,,,,,
hp_ABX_passivetest,hp_mpb2uybn_6hvdu043,test_withinAKG_noHP_vs_akg60_male_r02,reference,akg60_m_r02,correct,30865,,,,,,,,,,,,,,,,,,,,,,,,,
hp_ABX_passivetest,hp_mpb2uybn_6hvdu043,test_sennheiserDummy_noHP_vs_hd650_female_r03,reference,hd650_f_r03,correct,6170,,,,,,,,,,,,,,,,,,,,,,,,,
hp_ABX_passivetest,hp_mpb2uybn_6hvdu043,test_withinAKG_noHP_vs_akg45_female_r01,reference,akg45_f_r01,correct,20233,,,,,,,,,,,,,,,,,,,,,,,,,
hp_ABX_passivetest,hp_mpb2uybn_6hvdu043,test_withinAKG_noHP_vs_akg60_female_r02,reference,akg60_f_r02,incorrect,22581,,,,,,,,,,,,,,,,,,,,,,,,,
hp_ABX_passivetest,hp_mpb2uybn_6hvdu043,test_withinAKG_noHP_vs_akg30_male_r01,reference,akg30_m_r01,incorrect,17836,,,,,,,,,,,,,,,,,,,,,,,,,
hp_ABX_passivetest,hp_mpb2uybn_6hvdu043,test_withinDIY_noHP_vs_diy12_male_r03,reference,diy12_m_r03,correct,16568,,,,,,,,,,,,,,,,,,,,,,,,,
hp_ABX_passivetest,hp_mpb2uybn_6hvdu043,test_withinDIY_noHP_vs_diy30_male_r02,reference,diy30_m_r02,correct,9282,,,,,,,,,,,,,,,,,,,,,,,,,
hp_ABX_passivetest,hp_mpb2uybn_6hvdu043,test_withinAKG_noHP_vs_akg0_male_r03,reference,akg0_m_r03,correct,14833,,,,,,,,,,,,,,,,,,,,,,,,,
hp_ABX_passivetest,hp_mpb2uybn_6hvdu043,test_withinAKG_noHP_vs_akg60_male_r03,reference,akg60_m_r03,correct,22601,,,,,,,,,,,,,,,,,,,,,,,,,
hp_ABX_passivetest,hp_mpb2uybn_6hvdu043,test_withinAKG_noHP_vs_akg12_male_r01,reference,akg12_m_r01,correct,16249,,,,,,,,,,,,,,,,,,,,,,,,,
hp_ABX_passivetest,hp_mpb2uybn_6hvdu043,test_withinAKG_noHP_vs_akg0_female_r03,reference,akg0_f_r03,correct,22683,,,,,,,,,,,,,,,,,,,,,,,,,
hp_ABX_passivetest,hp_mpb2uybn_6hvdu043,test_withinAKG_noHP_vs_akg12_female_r01,reference,akg12_f_r01,correct,21781,,,,,,,,,,,,,,,,,,,,,,,,,
hp_ABX_passivetest,hp_mpb2uybn_6hvdu043,test_withinAKG_noHP_vs_akg0_female_r02,reference,akg0_f_r02,correct,13168,,,,,,,,,,,,,,,,,,,,,,,,,
hp_ABX_passivetest,hp_mpb2uybn_6hvdu043,test_withinAKG_noHP_vs_akg45_male_r01,reference,akg45_m_r01,correct,46315,,,,,,,,,,,,,,,,,,,,,,,,,
hp_ABX_passivetest,hp_mpb2uybn_6hvdu043,test_sennheiserDummy_noHP_vs_hd650_male_r01,reference,hd650_m_r01,correct,16852,,,,,,,,,,,,,,,,,,,,,,,,,
hp_ABX_passivetest,hp_mpb2uybn_6hvdu043,test_withinAKG_noHP_vs_akg45_female_r02,reference,akg45_f_r02,incorrect,15431,,,,,,,,,,,,,,,,,,,,,,,,,
hp_ABX_passivetest,hp_mpb2uybn_6hvdu043,test_withinAKG_noHP_vs_akg12_male_r02,reference,akg12_m_r02,correct,4884,,,,,,,,,,,,,,,,,,,,,,,,,
hp_ABX_passivetest,hp_mpb2uybn_6hvdu043,test_withinDIY_noHP_vs_diy30_female_r03,reference,diy30_f_r03,incorrect,9531,,,,,,,,,,,,,,,,,,,,,,,,,
hp_ABX_passivetest,hp_mpb2uybn_6hvdu043,test_sennheiserDummy_noHP_vs_hd650_female_r01,reference,hd650_f_r01,correct,9781,,,,,,,,,,,,,,,,,,,,,,,,,
hp_ABX_passivetest,hp_mpb2uybn_6hvdu043,test_withinAKG_noHP_vs_akg30_female_r03,reference,akg30_f_r03,correct,42582,,,,,,,,,,,,,,,,,,,,,,,,,
hp_ABX_passivetest,hp_mpb2uybn_6hvdu043,test_withinDIY_noHP_vs_diy30_female_r01,reference,diy30_f_r01,incorrect,23414,,,,,,,,,,,,,,,,,,,,,,,,,
hp_ABX_passivetest,hp_mpb2uybn_6hvdu043,test_withinDIY_noHP_vs_diy12_female_r02,reference,diy12_f_r02,correct,13400,,,,,,,,,,,,,,,,,,,,,,,,,
hp_ABX_passivetest,hp_mpb2uybn_6hvdu043,test_withinDIY_noHP_vs_diy30_male_r01,reference,diy30_m_r01,correct,25048,,,,,,,,,,,,,,,,,,,,,,,,,
hp_ABX_passivetest,hp_mpb2uybn_6hvdu043,test_withinAKG_noHP_vs_akg30_female_r01,reference,akg30_f_r01,correct,30302,,,,,,,,,,,,,,,,,,,,,,,,,
hp_ABX_passivetest,hp_mpb2uybn_6hvdu043,test_withinDIY_noHP_vs_diy45_female_r01,reference,diy45_f_r01,correct,24728,,,,,,,,,,,,,,,,,,,,,,,,,
hp_ABX_passivetest,hp_mpb2uybn_6hvdu043,test_withinAKG_noHP_vs_akg45_male_r03,reference,akg45_m_r03,correct,17260,,,,,,,,,,,,,,,,,,,,,,,,,
hp_ABX_passivetest,hp_mpb2uybn_6hvdu043,test_withinAKG_noHP_vs_akg12_female_r02,reference,akg12_f_r02,correct,21966,,,,,,,,,,,,,,,,,,,,,,,,,
hp_ABX_passivetest,hp_mpb2uybn_6hvdu043,test_withinDIY_noHP_vs_diy45_female_r02,reference,diy45_f_r02,incorrect,13917,,,,,,,,,,,,,,,,,,,,,,,,,
hp_ABX_passivetest,hp_mpb2uybn_6hvdu043,test_withinDIY_noHP_vs_diy45_male_r02,reference,diy45_m_r02,correct,64314,,,,,,,,,,,,,,,,,,,,,,,,,
hp_ABX_passivetest,hp_mpb2uybn_6hvdu043,test_withinAKG_noHP_vs_akg45_female_r03,reference,akg45_f_r03,correct,9265,,,,,,,,,,,,,,,,,,,,,,,,,
hp_ABX_passivetest,hp_mpb2uybn_6hvdu043,test_withinAKG_noHP_vs_akg0_male_r01,reference,akg0_m_r01,correct,6168,,,,,,,,,,,,,,,,,,,,,,,,,
hp_ABX_passivetest,hp_mpb2uybn_6hvdu043,test_withinDIY_noHP_vs_diy12_male_r02,reference,diy12_m_r02,correct,13231,,,,,,,,,,,,,,,,,,,,,,,,,
hp_ABX_passivetest,hp_mpb2uybn_6hvdu043,test_withinDIY_noHP_vs_diy12_female_r01,reference,diy12_f_r01,correct,8683,,,,,,,,,,,,,,,,,,,,,,,,,
hp_ABX_passivetest,hp_mpb2uybn_6hvdu043,test_withinAKG_noHP_vs_akg12_male_r03,reference,akg12_m_r03,correct,15048,,,,,,,,,,,,,,,,,,,,,,,,,
hp_ABX_passivetest,hp_mpb2uybn_6hvdu043,test_withinAKG_noHP_vs_akg45_male_r02,reference,akg45_m_r02,incorrect,47532,,,,,,,,,,,,,,,,,,,,,,,,,
hp_ABX_passivetest,hp_mpb2uybn_6hvdu043,test_withinAKG_noHP_vs_akg0_male_r02,reference,akg0_m_r02,correct,15048,,,,,,,,,,,,,,,,,,,,,,,,,
hp_ABX_passivetest,hp_mpb2uybn_6hvdu043,test_withinDIY_noHP_vs_diy12_male_r01,reference,diy12_m_r01,correct,15166,,,,,,,,,,,,,,,,,,,,,,,,,
hp_ABX_passivetest,hp_mpb2uybn_6hvdu043,test_withinAKG_noHP_vs_akg60_female_r03,reference,akg60_f_r03,correct,22331,,,,,,,,,,,,,,,,,,,,,,,,,
hp_ABX_passivetest,hp_mpb2uybn_6hvdu043,test_withinAKG_noHP_vs_akg12_female_r03,reference,akg12_f_r03,correct,9415,,,,,,,,,,,,,,,,,,,,,,,,,
hp_ABX_passivetest,hp_mpb2uybn_6hvdu043,test_withinDIY_noHP_vs_diy45_male_r01,reference,diy45_m_r01,correct,15364,,,,,,,,,,,,,,,,,,,,,,,,,
hp_ABX_passivetest,hp_mpb2uybn_6hvdu043,test_withinAKG_noHP_vs_akg30_male_r03,reference,akg30_m_r03,correct,26050,,,,,,,,,,,,,,,,,,,,,,,,,
hp_ABX_passivetest,hp_mpb2uybn_6hvdu043,test_sennheiserDummy_noHP_vs_hd650_male_r03,reference,hd650_m_r03,correct,7431,,,,,,,,,,,,,,,,,,,,,,,,,
hp_ABX_passivetest,hp_mpb2uybn_6hvdu043,test_withinDIY_noHP_vs_diy30_male_r03,reference,diy30_m_r03,correct,19150,,,,,,,,,,,,,,,,,,,,,,,,,
hp_ABX_passivetest,hp_mpb2uybn_6hvdu043,test_withinDIY_noHP_vs_diy45_female_r03,reference,diy45_f_r03,correct,31664,,,,,,,,,,,,,,,,,,,,,,,,,
hp_ABX_passivetest,hp_mpb2uybn_6hvdu043,test_withinAKG_noHP_vs_akg30_female_r02,reference,akg30_f_r02,correct,11156,,,,,,,,,,,,,,,,,,,,,,,,,
hp_ABX_passivetest,hp_mpb2uybn_6hvdu043,test_sennheiserDummy_noHP_vs_hd650_male_r02,reference,hd650_m_r02,correct,5465,hp_ABX_passivetest,hp_mpb4qohj_04fzc51h,training_akg0_vs_akg60,reference,akg60_m,correct,71577,,,,,,,,,,,,,,,,,,
hp_ABX_passivetest,hp_mpb4qohj_04fzc51h,training_akg0_vs_akg60,reference,akg0_f,correct,28363,,,,,,,,,,,,,,,,,,,,,,,,,
hp_ABX_passivetest,hp_mpb4qohj_04fzc51h,test_withinAKG_noHP_vs_akg30_male_r02,reference,akg30_m_r02,correct,49248,,,,,,,,,,,,,,,,,,,,,,,,,
hp_ABX_passivetest,hp_mpb4qohj_04fzc51h,test_sennheiserDummy_noHP_vs_hd650_female_r03,reference,hd650_f_r03,correct,26172,,,,,,,,,,,,,,,,,,,,,,,,,
hp_ABX_passivetest,hp_mpb4qohj_04fzc51h,test_withinDIY_noHP_vs_diy12_male_r03,reference,diy12_m_r03,correct,17060,,,,,,,,,,,,,,,,,,,,,,,,,
hp_ABX_passivetest,hp_mpb4qohj_04fzc51h,test_withinAKG_noHP_vs_akg12_female_r02,reference,akg12_f_r02,correct,30378,,,,,,,,,,,,,,,,,,,,,,,,,
hp_ABX_passivetest,hp_mpb4qohj_04fzc51h,test_withinDIY_noHP_vs_diy12_male_r02,reference,diy12_m_r02,correct,18403,,,,,,,,,,,,,,,,,,,,,,,,,
hp_ABX_passivetest,hp_mpb4qohj_04fzc51h,test_withinAKG_noHP_vs_akg60_female_r03,reference,akg60_f_r03,incorrect,24763,,,,,,,,,,,,,,,,,,,,,,,,,
hp_ABX_passivetest,hp_mpb4qohj_04fzc51h,test_withinAKG_noHP_vs_akg30_male_r01,reference,akg30_m_r01,correct,31398,,,,,,,,,,,,,,,,,,,,,,,,,
hp_ABX_passivetest,hp_mpb4qohj_04fzc51h,test_withinAKG_noHP_vs_akg12_male_r01,reference,akg12_m_r01,correct,20915,,,,,,,,,,,,,,,,,,,,,,,,,
hp_ABX_passivetest,hp_mpb4qohj_04fzc51h,test_withinDIY_noHP_vs_diy45_female_r02,reference,diy45_f_r02,correct,21600,,,,,,,,,,,,,,,,,,,,,,,,,
hp_ABX_passivetest,hp_mpb4qohj_04fzc51h,test_withinAKG_noHP_vs_akg0_female_r02,reference,akg0_f_r02,correct,27165,,,,,,,,,,,,,,,,,,,,,,,,,
hp_ABX_passivetest,hp_mpb4qohj_04fzc51h,test_withinDIY_noHP_vs_diy30_female_r02,reference,diy30_f_r02,correct,42748,,,,,,,,,,,,,,,,,,,,,,,,,
hp_ABX_passivetest,hp_mpb4qohj_04fzc51h,test_withinDIY_noHP_vs_diy45_male_r02,reference,diy45_m_r02,correct,46681,,,,,,,,,,,,,,,,,,,,,,,,,
hp_ABX_passivetest,hp_mpb4qohj_04fzc51h,test_withinAKG_noHP_vs_akg12_female_r03,reference,akg12_f_r03,correct,11380,,,,,,,,,,,,,,,,,,,,,,,,,
hp_ABX_passivetest,hp_mpb4qohj_04fzc51h,test_withinDIY_noHP_vs_diy30_male_r01,reference,diy30_m_r01,correct,15785,,,,,,,,,,,,,,,,,,,,,,,,,
hp_ABX_passivetest,hp_mpb4qohj_04fzc51h,test_withinAKG_noHP_vs_akg30_female_r03,reference,akg30_f_r03,correct,56348,,,,,,,,,,,,,,,,,,,,,,,,,
hp_ABX_passivetest,hp_mpb4qohj_04fzc51h,test_withinAKG_noHP_vs_akg45_female_r02,reference,akg45_f_r02,correct,30983,,,,,,,,,,,,,,,,,,,,,,,,,
hp_ABX_passivetest,hp_mpb4qohj_04fzc51h,test_withinAKG_noHP_vs_akg30_female_r01,reference,akg30_f_r01,correct,22982,,,,,,,,,,,,,,,,,,,,,,,,,
hp_ABX_passivetest,hp_mpb4qohj_04fzc51h,test_withinDIY_noHP_vs_diy30_female_r01,reference,diy30_f_r01,correct,36082,,,,,,,,,,,,,,,,,,,,,,,,,
hp_ABX_passivetest,hp_mpb4qohj_04fzc51h,test_withinDIY_noHP_vs_diy12_male_r01,reference,diy12_m_r01,correct,9500,,,,,,,,,,,,,,,,,,,,,,,,,
hp_ABX_passivetest,hp_mpb4qohj_04fzc51h,test_sennheiserDummy_noHP_vs_hd650_male_r03,reference,hd650_m_r03,correct,8150,,,,,,,,,,,,,,,,,,,,,,,,,
hp_ABX_passivetest,hp_mpb4qohj_04fzc51h,test_sennheiserDummy_noHP_vs_hd650_male_r02,reference,hd650_m_r02,correct,10599,,,,,,,,,,,,,,,,,,,,,,,,,
hp_ABX_passivetest,hp_mpb4qohj_04fzc51h,test_withinAKG_noHP_vs_akg30_female_r02,reference,akg30_f_r02,correct,12234,,,,,,,,,,,,,,,,,,,,,,,,,
hp_ABX_passivetest,hp_mpb4qohj_04fzc51h,test_withinDIY_noHP_vs_diy12_female_r02,reference,diy12_f_r02,correct,12648,,,,,,,,,,,,,,,,,,,,,,,,,
hp_ABX_passivetest,hp_mpb4qohj_04fzc51h,test_withinAKG_noHP_vs_akg0_female_r03,reference,akg0_f_r03,correct,26148,,,,,,,,,,,,,,,,,,,,,,,,,
hp_ABX_passivetest,hp_mpb4qohj_04fzc51h,test_withinAKG_noHP_vs_akg12_female_r01,reference,akg12_f_r01,correct,11248,,,,,,,,,,,,,,,,,,,,,,,,,
hp_ABX_passivetest,hp_mpb4qohj_04fzc51h,test_sennheiserDummy_noHP_vs_hd650_male_r01,reference,hd650_m_r01,correct,10412,,,,,,,,,,,,,,,,,,,,,,,,,
hp_ABX_passivetest,hp_mpb4qohj_04fzc51h,test_withinDIY_noHP_vs_diy30_female_r03,reference,diy30_f_r03,correct,25347,,,,,,,,,,,,,,,,,,,,,,,,,
hp_ABX_passivetest,hp_mpb4qohj_04fzc51h,test_withinAKG_noHP_vs_akg45_female_r03,reference,akg45_f_r03,correct,47268,,,,,,,,,,,,,,,,,,,,,,,,,
hp_ABX_passivetest,hp_mpb4qohj_04fzc51h,test_withinAKG_noHP_vs_akg0_male_r01,reference,akg0_m_r01,correct,14715,,,,,,,,,,,,,,,,,,,,,,,,,
hp_ABX_passivetest,hp_mpb4qohj_04fzc51h,test_withinDIY_noHP_vs_diy12_female_r03,reference,diy12_f_r03,correct,12347,,,,,,,,,,,,,,,,,,,,,,,,,
hp_ABX_passivetest,hp_mpb4qohj_04fzc51h,test_sennheiserDummy_noHP_vs_hd650_female_r02,reference,hd650_f_r02,correct,11016,,,,,,,,,,,,,,,,,,,,,,,,,
hp_ABX_passivetest,hp_mpb4qohj_04fzc51h,test_withinDIY_noHP_vs_diy45_male_r01,reference,diy45_m_r01,incorrect,12748,,,,,,,,,,,,,,,,,,,,,,,,,
hp_ABX_passivetest,hp_mpb4qohj_04fzc51h,test_withinAKG_noHP_vs_akg45_female_r01,reference,akg45_f_r01,incorrect,14550,,,,,,,,,,,,,,,,,,,,,,,,,
hp_ABX_passivetest,hp_mpb4qohj_04fzc51h,test_withinDIY_noHP_vs_diy30_male_r02,reference,diy30_m_r02,correct,14719,,,,,,,,,,,,,,,,,,,,,,,,,
hp_ABX_passivetest,hp_mpb4qohj_04fzc51h,test_withinDIY_noHP_vs_diy45_male_r03,reference,diy45_m_r03,correct,19732,,,,,,,,,,,,,,,,,,,,,,,,,
hp_ABX_passivetest,hp_mpb4qohj_04fzc51h,test_sennheiserDummy_noHP_vs_hd650_female_r01,reference,hd650_f_r01,correct,5947,,,,,,,,,,,,,,,,,,,,,,,,,
hp_ABX_passivetest,hp_mpb4qohj_04fzc51h,test_withinAKG_noHP_vs_akg0_male_r02,reference,akg0_m_r02,correct,9984,,,,,,,,,,,,,,,,,,,,,,,,,
hp_ABX_passivetest,hp_mpb4qohj_04fzc51h,test_withinAKG_noHP_vs_akg60_male_r02,reference,akg60_m_r02,incorrect,28917,,,,,,,,,,,,,,,,,,,,,,,,,
hp_ABX_passivetest,hp_mpb4qohj_04fzc51h,test_withinAKG_noHP_vs_akg30_male_r03,reference,akg30_m_r03,correct,15280,,,,,,,,,,,,,,,,,,,,,,,,,
hp_ABX_passivetest,hp_mpb4qohj_04fzc51h,test_withinAKG_noHP_vs_akg0_male_r03,reference,akg0_m_r03,correct,7631,,,,,,,,,,,,,,,,,,,,,,,,,
hp_ABX_passivetest,hp_mpb4qohj_04fzc51h,test_withinAKG_noHP_vs_akg45_male_r01,reference,akg45_m_r01,correct,12918,,,,,,,,,,,,,,,,,,,,,,,,,
hp_ABX_passivetest,hp_mpb4qohj_04fzc51h,test_withinAKG_noHP_vs_akg45_male_r03,reference,akg45_m_r03,correct,10814,,,,,,,,,,,,,,,,,,,,,,,,,
hp_ABX_passivetest,hp_mpb4qohj_04fzc51h,test_withinAKG_noHP_vs_akg60_female_r01,reference,akg60_f_r01,correct,13883,,,,,,,,,,,,,,,,,,,,,,,,,
hp_ABX_passivetest,hp_mpb4qohj_04fzc51h,test_withinDIY_noHP_vs_diy30_male_r03,reference,diy30_m_r03,incorrect,26300,,,,,,,,,,,,,,,,,,,,,,,,,
hp_ABX_passivetest,hp_mpb4qohj_04fzc51h,test_withinAKG_noHP_vs_akg45_male_r02,reference,akg45_m_r02,correct,15117,,,,,,,,,,,,,,,,,,,,,,,,,
hp_ABX_passivetest,hp_mpb4qohj_04fzc51h,test_withinAKG_noHP_vs_akg12_male_r03,reference,akg12_m_r03,correct,9131,,,,,,,,,,,,,,,,,,,,,,,,,
hp_ABX_passivetest,hp_mpb4qohj_04fzc51h,test_withinDIY_noHP_vs_diy45_female_r01,reference,diy45_f_r01,incorrect,29364,,,,,,,,,,,,,,,,,,,,,,,,,
hp_ABX_passivetest,hp_mpb4qohj_04fzc51h,test_withinDIY_noHP_vs_diy45_female_r03,reference,diy45_f_r03,incorrect,68100,,,,,,,,,,,,,,,,,,,,,,,,,
hp_ABX_passivetest,hp_mpb4qohj_04fzc51h,test_withinAKG_noHP_vs_akg60_female_r02,reference,akg60_f_r02,incorrect,19817,,,,,,,,,,,,,,,,,,,,,,,,,
hp_ABX_passivetest,hp_mpb4qohj_04fzc51h,test_withinAKG_noHP_vs_akg12_male_r02,reference,akg12_m_r02,correct,13866,,,,,,,,,,,,,,,,,,,,,,,,,
hp_ABX_passivetest,hp_mpb4qohj_04fzc51h,test_withinDIY_noHP_vs_diy12_female_r01,reference,diy12_f_r01,correct,31445,,,,,,,,,,,,,,,,,,,,,,,,,
hp_ABX_passivetest,hp_mpb4qohj_04fzc51h,test_withinAKG_noHP_vs_akg60_male_r03,reference,akg60_m_r03,correct,45780,,,,,,,,,,,,,,,,,,,,,,,,,
hp_ABX_passivetest,hp_mpb4qohj_04fzc51h,test_withinAKG_noHP_vs_akg60_male_r01,reference,akg60_m_r01,correct,5834,,,,,,,,,,,,,,,,,,,,,,,,,
hp_ABX_passivetest,hp_mpb4qohj_04fzc51h,test_withinAKG_noHP_vs_akg0_female_r01,reference,akg0_f_r01,correct,7281,,,,,,,hp_ABX_passivetest,hp_mpb6ju6s_0vsdufuy,training_akg0_vs_akg60,reference,akg60_m,correct,34958,,,,,,,,,,,,
hp_ABX_passivetest,hp_mpb6ju6s_0vsdufuy,training_akg0_vs_akg60,reference,akg0_f,correct,11838,,,,,,,,,,,,,,,,,,,,,,,,,
hp_ABX_passivetest,hp_mpb6ju6s_0vsdufuy,test_withinAKG_noHP_vs_akg45_male_r03,reference,akg45_m_r03,correct,18636,,,,,,,,,,,,,,,,,,,,,,,,,
hp_ABX_passivetest,hp_mpb6ju6s_0vsdufuy,test_withinDIY_noHP_vs_diy30_female_r02,reference,diy30_f_r02,correct,28578,,,,,,,,,,,,,,,,,,,,,,,,,
hp_ABX_passivetest,hp_mpb6ju6s_0vsdufuy,test_sennheiserDummy_noHP_vs_hd650_female_r03,reference,hd650_f_r03,correct,9515,,,,,,,,,,,,,,,,,,,,,,,,,
hp_ABX_passivetest,hp_mpb6ju6s_0vsdufuy,test_withinDIY_noHP_vs_diy45_male_r03,reference,diy45_m_r03,correct,15640,,,,,,,,,,,,,,,,,,,,,,,,,
hp_ABX_passivetest,hp_mpb6ju6s_0vsdufuy,test_withinAKG_noHP_vs_akg60_female_r03,reference,akg60_f_r03,correct,12403,,,,,,,,,,,,,,,,,,,,,,,,,
hp_ABX_passivetest,hp_mpb6ju6s_0vsdufuy,test_withinAKG_noHP_vs_akg0_female_r03,reference,akg0_f_r03,correct,7799,,,,,,,,,,,,,,,,,,,,,,,,,
hp_ABX_passivetest,hp_mpb6ju6s_0vsdufuy,test_withinDIY_noHP_vs_diy45_female_r02,reference,diy45_f_r02,correct,34264,,,,,,,,,,,,,,,,,,,,,,,,,
hp_ABX_passivetest,hp_mpb6ju6s_0vsdufuy,test_sennheiserDummy_noHP_vs_hd650_male_r01,reference,hd650_m_r01,correct,9249,,,,,,,,,,,,,,,,,,,,,,,,,
hp_ABX_passivetest,hp_mpb6ju6s_0vsdufuy,test_withinAKG_noHP_vs_akg30_male_r02,reference,akg30_m_r02,correct,28802,,,,,,,,,,,,,,,,,,,,,,,,,
hp_ABX_passivetest,hp_mpb6ju6s_0vsdufuy,test_withinAKG_noHP_vs_akg45_female_r03,reference,akg45_f_r03,correct,8899,,,,,,,,,,,,,,,,,,,,,,,,,
hp_ABX_passivetest,hp_mpb6ju6s_0vsdufuy,test_withinAKG_noHP_vs_akg60_male_r01,reference,akg60_m_r01,correct,19448,,,,,,,,,,,,,,,,,,,,,,,,,
hp_ABX_passivetest,hp_mpb6ju6s_0vsdufuy,test_withinAKG_noHP_vs_akg12_male_r01,reference,akg12_m_r01,correct,18570,,,,,,,,,,,,,,,,,,,,,,,,,
hp_ABX_passivetest,hp_mpb6ju6s_0vsdufuy,test_withinAKG_noHP_vs_akg30_male_r03,reference,akg30_m_r03,correct,17686,,,,,,,,,,,,,,,,,,,,,,,,,
hp_ABX_passivetest,hp_mpb6ju6s_0vsdufuy,test_withinAKG_noHP_vs_akg12_female_r03,reference,akg12_f_r03,correct,6299,,,,,,,,,,,,,,,,,,,,,,,,,
hp_ABX_passivetest,hp_mpb6ju6s_0vsdufuy,test_withinAKG_noHP_vs_akg30_male_r01,reference,akg30_m_r01,correct,30537,,,,,,,,,,,,,,,,,,,,,,,,,
hp_ABX_passivetest,hp_mpb6ju6s_0vsdufuy,test_withinAKG_noHP_vs_akg0_female_r02,reference,akg0_f_r02,correct,11235,,,,,,,,,,,,,,,,,,,,,,,,,
hp_ABX_passivetest,hp_mpb6ju6s_0vsdufuy,test_withinAKG_noHP_vs_akg0_male_r01,reference,akg0_m_r01,correct,14167,,,,,,,,,,,,,,,,,,,,,,,,,
hp_ABX_passivetest,hp_mpb6ju6s_0vsdufuy,test_withinDIY_noHP_vs_diy12_male_r01,reference,diy12_m_r01,correct,5901,,,,,,,,,,,,,,,,,,,,,,,,,
hp_ABX_passivetest,hp_mpb6ju6s_0vsdufuy,test_withinDIY_noHP_vs_diy45_female_r03,reference,diy45_f_r03,correct,29119,,,,,,,,,,,,,,,,,,,,,,,,,
hp_ABX_passivetest,hp_mpb6ju6s_0vsdufuy,test_withinDIY_noHP_vs_diy12_male_r03,reference,diy12_m_r03,correct,5463,,,,,,,,,,,,,,,,,,,,,,,,,
hp_ABX_passivetest,hp_mpb6ju6s_0vsdufuy,test_withinAKG_noHP_vs_akg60_female_r01,reference,akg60_f_r01,correct,23533,,,,,,,,,,,,,,,,,,,,,,,,,
hp_ABX_passivetest,hp_mpb6ju6s_0vsdufuy,test_withinDIY_noHP_vs_diy12_female_r01,reference,diy12_f_r01,correct,13950,,,,,,,,,,,,,,,,,,,,,,,,,
hp_ABX_passivetest,hp_mpb6ju6s_0vsdufuy,test_withinAKG_noHP_vs_akg30_female_r01,reference,akg30_f_r01,correct,57658,,,,,,,,,,,,,,,,,,,,,,,,,
hp_ABX_passivetest,hp_mpb6ju6s_0vsdufuy,test_withinAKG_noHP_vs_akg60_male_r02,reference,akg60_m_r02,correct,21271,,,,,,,,,,,,,,,,,,,,,,,,,
hp_ABX_passivetest,hp_mpb6ju6s_0vsdufuy,test_sennheiserDummy_noHP_vs_hd650_female_r01,reference,hd650_f_r01,correct,23831,,,,,,,,,,,,,,,,,,,,,,,,,
hp_ABX_passivetest,hp_mpb6ju6s_0vsdufuy,test_withinAKG_noHP_vs_akg12_male_r02,reference,akg12_m_r02,correct,8286,,,,,,,,,,,,,,,,,,,,,,,,,
hp_ABX_passivetest,hp_mpb6ju6s_0vsdufuy,test_withinDIY_noHP_vs_diy12_female_r03,reference,diy12_f_r03,correct,7918,,,,,,,,,,,,,,,,,,,,,,,,,
hp_ABX_passivetest,hp_mpb6ju6s_0vsdufuy,test_sennheiserDummy_noHP_vs_hd650_male_r03,reference,hd650_m_r03,correct,6888,,,,,,,,,,,,,,,,,,,,,,,,,
hp_ABX_passivetest,hp_mpb6ju6s_0vsdufuy,test_withinAKG_noHP_vs_akg30_female_r03,reference,akg30_f_r03,correct,27315,,,,,,,,,,,,,,,,,,,,,,,,,
hp_ABX_passivetest,hp_mpb6ju6s_0vsdufuy,test_withinAKG_noHP_vs_akg45_female_r02,reference,akg45_f_r02,correct,13751,,,,,,,,,,,,,,,,,,,,,,,,,
hp_ABX_passivetest,hp_mpb6ju6s_0vsdufuy,test_withinDIY_noHP_vs_diy30_male_r03,reference,diy30_m_r03,correct,9222,,,,,,,,,,,,,,,,,,,,,,,,,
hp_ABX_passivetest,hp_mpb6ju6s_0vsdufuy,test_withinDIY_noHP_vs_diy30_male_r02,reference,diy30_m_r02,correct,10167,,,,,,,,,,,,,,,,,,,,,,,,,
hp_ABX_passivetest,hp_mpb6ju6s_0vsdufuy,test_withinDIY_noHP_vs_diy30_male_r01,reference,diy30_m_r01,correct,23501,,,,,,,,,,,,,,,,,,,,,,,,,
hp_ABX_passivetest,hp_mpb6ju6s_0vsdufuy,test_withinDIY_noHP_vs_diy45_male_r02,reference,diy45_m_r02,correct,60991,,,,,,,,,,,,,,,,,,,,,,,,,
hp_ABX_passivetest,hp_mpb6ju6s_0vsdufuy,test_withinDIY_noHP_vs_diy45_female_r01,reference,diy45_f_r01,correct,8784,,,,,,,,,,,,,,,,,,,,,,,,,
hp_ABX_passivetest,hp_mpb6ju6s_0vsdufuy,test_withinDIY_noHP_vs_diy12_female_r02,reference,diy12_f_r02,correct,6135,,,,,,,,,,,,,,,,,,,,,,,,,
hp_ABX_passivetest,hp_mpb6ju6s_0vsdufuy,test_withinAKG_noHP_vs_akg0_male_r03,reference,akg0_m_r03,correct,5536,,,,,,,,,,,,,,,,,,,,,,,,,
hp_ABX_passivetest,hp_mpb6ju6s_0vsdufuy,test_withinAKG_noHP_vs_akg0_male_r02,reference,akg0_m_r02,correct,6949,,,,,,,,,,,,,,,,,,,,,,,,,
hp_ABX_passivetest,hp_mpb6ju6s_0vsdufuy,test_sennheiserDummy_noHP_vs_hd650_male_r02,reference,hd650_m_r02,correct,10704,,,,,,,,,,,,,,,,,,,,,,,,,
hp_ABX_passivetest,hp_mpb6ju6s_0vsdufuy,test_withinAKG_noHP_vs_akg0_female_r01,reference,akg0_f_r01,correct,11850,,,,,,,,,,,,,,,,,,,,,,,,,
hp_ABX_passivetest,hp_mpb6ju6s_0vsdufuy,test_withinDIY_noHP_vs_diy30_female_r01,reference,diy30_f_r01,correct,6648,,,,,,,,,,,,,,,,,,,,,,,,,
hp_ABX_passivetest,hp_mpb6ju6s_0vsdufuy,test_withinDIY_noHP_vs_diy30_female_r03,reference,diy30_f_r03,correct,12316,,,,,,,,,,,,,,,,,,,,,,,,,
hp_ABX_passivetest,hp_mpb6ju6s_0vsdufuy,test_withinAKG_noHP_vs_akg60_female_r02,reference,akg60_f_r02,correct,10817,,,,,,,,,,,,,,,,,,,,,,,,,
hp_ABX_passivetest,hp_mpb6ju6s_0vsdufuy,test_withinAKG_noHP_vs_akg12_male_r03,reference,akg12_m_r03,correct,10186,,,,,,,,,,,,,,,,,,,,,,,,,
hp_ABX_passivetest,hp_mpb6ju6s_0vsdufuy,test_withinAKG_noHP_vs_akg12_female_r02,reference,akg12_f_r02,correct,7485,,,,,,,,,,,,,,,,,,,,,,,,,
hp_ABX_passivetest,hp_mpb6ju6s_0vsdufuy,test_withinAKG_noHP_vs_akg45_male_r02,reference,akg45_m_r02,correct,7469,,,,,,,,,,,,,,,,,,,,,,,,,
hp_ABX_passivetest,hp_mpb6ju6s_0vsdufuy,test_withinAKG_noHP_vs_akg30_female_r02,reference,akg30_f_r02,correct,44678,,,,,,,,,,,,,,,,,,,,,,,,,
hp_ABX_passivetest,hp_mpb6ju6s_0vsdufuy,test_sennheiserDummy_noHP_vs_hd650_female_r02,reference,hd650_f_r02,correct,5699,,,,,,,,,,,,,,,,,,,,,,,,,
hp_ABX_passivetest,hp_mpb6ju6s_0vsdufuy,test_withinDIY_noHP_vs_diy12_male_r02,reference,diy12_m_r02,correct,7317,,,,,,,,,,,,,,,,,,,,,,,,,
hp_ABX_passivetest,hp_mpb6ju6s_0vsdufuy,test_withinAKG_noHP_vs_akg45_female_r01,reference,akg45_f_r01,correct,9585,,,,,,,,,,,,,,,,,,,,,,,,,
hp_ABX_passivetest,hp_mpb6ju6s_0vsdufuy,test_withinDIY_noHP_vs_diy45_male_r01,reference,diy45_m_r01,correct,7822,,,,,,,,,,,,,,,,,,,,,,,,,
hp_ABX_passivetest,hp_mpb6ju6s_0vsdufuy,test_withinAKG_noHP_vs_akg60_male_r03,reference,akg60_m_r03,correct,8815,,,,,,,,,,,,,,,,,,,,,,,,,
hp_ABX_passivetest,hp_mpb6ju6s_0vsdufuy,test_withinAKG_noHP_vs_akg12_female_r01,reference,akg12_f_r01,correct,6883,,,,,,,,,,,,,,,,,,,,,,,,,
hp_ABX_passivetest,hp_mpb6ju6s_0vsdufuy,test_withinAKG_noHP_vs_akg45_male_r01,reference,akg45_m_r01,correct,14301,,,,,,,,,,,,,hp_ABX_passivetest,hp_mpb7r58c_ucbz5lai,training_akg0_vs_akg60,reference,akg60_m,correct,35951,,,,,,
hp_ABX_passivetest,hp_mpb7r58c_ucbz5lai,training_akg0_vs_akg60,reference,akg0_f,correct,26149,,,,,,,,,,,,,,,,,,,,,,,,,
hp_ABX_passivetest,hp_mpb7r58c_ucbz5lai,test_withinDIY_noHP_vs_diy30_female_r03,reference,diy30_f_r03,correct,21684,,,,,,,,,,,,,,,,,,,,,,,,,
hp_ABX_passivetest,hp_mpb7r58c_ucbz5lai,test_withinAKG_noHP_vs_akg45_female_r01,reference,akg45_f_r01,correct,15815,,,,,,,,,,,,,,,,,,,,,,,,,
hp_ABX_passivetest,hp_mpb7r58c_ucbz5lai,test_withinAKG_noHP_vs_akg60_male_r02,reference,akg60_m_r02,correct,35996,,,,,,,,,,,,,,,,,,,,,,,,,
hp_ABX_passivetest,hp_mpb7r58c_ucbz5lai,test_withinAKG_noHP_vs_akg12_male_r02,reference,akg12_m_r02,correct,14482,,,,,,,,,,,,,,,,,,,,,,,,,
hp_ABX_passivetest,hp_mpb7r58c_ucbz5lai,test_withinAKG_noHP_vs_akg45_male_r02,reference,akg45_m_r02,correct,13828,,,,,,,,,,,,,,,,,,,,,,,,,
hp_ABX_passivetest,hp_mpb7r58c_ucbz5lai,test_withinAKG_noHP_vs_akg30_male_r03,reference,akg30_m_r03,correct,13466,,,,,,,,,,,,,,,,,,,,,,,,,
hp_ABX_passivetest,hp_mpb7r58c_ucbz5lai,test_withinAKG_noHP_vs_akg0_female_r02,reference,akg0_f_r02,correct,18398,,,,,,,,,,,,,,,,,,,,,,,,,
hp_ABX_passivetest,hp_mpb7r58c_ucbz5lai,test_withinAKG_noHP_vs_akg0_male_r03,reference,akg0_m_r03,correct,10414,,,,,,,,,,,,,,,,,,,,,,,,,
hp_ABX_passivetest,hp_mpb7r58c_ucbz5lai,test_withinDIY_noHP_vs_diy12_female_r01,reference,diy12_f_r01,correct,7322,,,,,,,,,,,,,,,,,,,,,,,,,
hp_ABX_passivetest,hp_mpb7r58c_ucbz5lai,test_withinAKG_noHP_vs_akg45_female_r03,reference,akg45_f_r03,correct,8437,,,,,,,,,,,,,,,,,,,,,,,,,
hp_ABX_passivetest,hp_mpb7r58c_ucbz5lai,test_withinAKG_noHP_vs_akg30_male_r02,reference,akg30_m_r02,correct,52758,,,,,,,,,,,,,,,,,,,,,,,,,
hp_ABX_passivetest,hp_mpb7r58c_ucbz5lai,test_withinDIY_noHP_vs_diy12_male_r02,reference,diy12_m_r02,correct,9734,,,,,,,,,,,,,,,,,,,,,,,,,
hp_ABX_passivetest,hp_mpb7r58c_ucbz5lai,test_withinAKG_noHP_vs_akg12_male_r01,reference,akg12_m_r01,correct,8834,,,,,,,,,,,,,,,,,,,,,,,,,
hp_ABX_passivetest,hp_mpb7r58c_ucbz5lai,test_sennheiserDummy_noHP_vs_hd650_female_r01,reference,hd650_f_r01,correct,5550,,,,,,,,,,,,,,,,,,,,,,,,,
hp_ABX_passivetest,hp_mpb7r58c_ucbz5lai,test_sennheiserDummy_noHP_vs_hd650_female_r02,reference,hd650_f_r02,correct,4728,,,,,,,,,,,,,,,,,,,,,,,,,
hp_ABX_passivetest,hp_mpb7r58c_ucbz5lai,test_withinAKG_noHP_vs_akg12_female_r02,reference,akg12_f_r02,correct,6282,,,,,,,,,,,,,,,,,,,,,,,,,
hp_ABX_passivetest,hp_mpb7r58c_ucbz5lai,test_withinDIY_noHP_vs_diy12_female_r03,reference,diy12_f_r03,correct,5150,,,,,,,,,,,,,,,,,,,,,,,,,
hp_ABX_passivetest,hp_mpb7r58c_ucbz5lai,test_withinDIY_noHP_vs_diy45_male_r02,reference,diy45_m_r02,correct,31133,,,,,,,,,,,,,,,,,,,,,,,,,
hp_ABX_passivetest,hp_mpb7r58c_ucbz5lai,test_withinDIY_noHP_vs_diy30_female_r02,reference,diy30_f_r02,incorrect,11654,,,,,,,,,,,,,,,,,,,,,,,,,
hp_ABX_passivetest,hp_mpb7r58c_ucbz5lai,test_withinAKG_noHP_vs_akg45_male_r01,reference,akg45_m_r01,correct,33867,,,,,,,,,,,,,,,,,,,,,,,,,
hp_ABX_passivetest,hp_mpb7r58c_ucbz5lai,test_withinDIY_noHP_vs_diy12_male_r01,reference,diy12_m_r01,correct,12734,,,,,,,,,,,,,,,,,,,,,,,,,
hp_ABX_passivetest,hp_mpb7r58c_ucbz5lai,test_sennheiserDummy_noHP_vs_hd650_female_r03,reference,hd650_f_r03,correct,4967,,,,,,,,,,,,,,,,,,,,,,,,,
hp_ABX_passivetest,hp_mpb7r58c_ucbz5lai,test_withinAKG_noHP_vs_akg30_female_r01,reference,akg30_f_r01,correct,50180,,,,,,,,,,,,,,,,,,,,,,,,,
hp_ABX_passivetest,hp_mpb7r58c_ucbz5lai,test_withinDIY_noHP_vs_diy30_male_r02,reference,diy30_m_r02,correct,8584,,,,,,,,,,,,,,,,,,,,,,,,,
hp_ABX_passivetest,hp_mpb7r58c_ucbz5lai,test_withinAKG_noHP_vs_akg0_female_r01,reference,akg0_f_r01,correct,4482,,,,,,,,,,,,,,,,,,,,,,,,,
hp_ABX_passivetest,hp_mpb7r58c_ucbz5lai,test_withinDIY_noHP_vs_diy30_female_r01,reference,diy30_f_r01,correct,25933,,,,,,,,,,,,,,,,,,,,,,,,,
hp_ABX_passivetest,hp_mpb7r58c_ucbz5lai,test_withinAKG_noHP_vs_akg60_female_r03,reference,akg60_f_r03,correct,6716,,,,,,,,,,,,,,,,,,,,,,,,,
hp_ABX_passivetest,hp_mpb7r58c_ucbz5lai,test_sennheiserDummy_noHP_vs_hd650_male_r03,reference,hd650_m_r03,correct,5331,,,,,,,,,,,,,,,,,,,,,,,,,
hp_ABX_passivetest,hp_mpb7r58c_ucbz5lai,test_withinAKG_noHP_vs_akg0_female_r03,reference,akg0_f_r03,correct,3866,,,,,,,,,,,,,,,,,,,,,,,,,
hp_ABX_passivetest,hp_mpb7r58c_ucbz5lai,test_sennheiserDummy_noHP_vs_hd650_male_r02,reference,hd650_m_r02,correct,4984,,,,,,,,,,,,,,,,,,,,,,,,,
hp_ABX_passivetest,hp_mpb7r58c_ucbz5lai,test_sennheiserDummy_noHP_vs_hd650_male_r01,reference,hd650_m_r01,correct,4853,,,,,,,,,,,,,,,,,,,,,,,,,
hp_ABX_passivetest,hp_mpb7r58c_ucbz5lai,test_withinAKG_noHP_vs_akg45_female_r02,reference,akg45_f_r02,incorrect,26463,,,,,,,,,,,,,,,,,,,,,,,,,
hp_ABX_passivetest,hp_mpb7r58c_ucbz5lai,test_withinDIY_noHP_vs_diy45_female_r03,reference,diy45_f_r03,correct,12681,,,,,,,,,,,,,,,,,,,,,,,,,
hp_ABX_passivetest,hp_mpb7r58c_ucbz5lai,test_withinAKG_noHP_vs_akg45_male_r03,reference,akg45_m_r03,correct,15116,,,,,,,,,,,,,,,,,,,,,,,,,
hp_ABX_passivetest,hp_mpb7r58c_ucbz5lai,test_withinAKG_noHP_vs_akg0_male_r01,reference,akg0_m_r01,correct,7048,,,,,,,,,,,,,,,,,,,,,,,,,
hp_ABX_passivetest,hp_mpb7r58c_ucbz5lai,test_withinDIY_noHP_vs_diy30_male_r01,reference,diy30_m_r01,correct,6983,,,,,,,,,,,,,,,,,,,,,,,,,
hp_ABX_passivetest,hp_mpb7r58c_ucbz5lai,test_withinDIY_noHP_vs_diy45_male_r03,reference,diy45_m_r03,correct,5401,,,,,,,,,,,,,,,,,,,,,,,,,
hp_ABX_passivetest,hp_mpb7r58c_ucbz5lai,test_withinAKG_noHP_vs_akg30_female_r03,reference,akg30_f_r03,correct,30267,,,,,,,,,,,,,,,,,,,,,,,,,
hp_ABX_passivetest,hp_mpb7r58c_ucbz5lai,test_withinAKG_noHP_vs_akg60_male_r01,reference,akg60_m_r01,correct,8476,,,,,,,,,,,,,,,,,,,,,,,,,
hp_ABX_passivetest,hp_mpb7r58c_ucbz5lai,test_withinDIY_noHP_vs_diy12_male_r03,reference,diy12_m_r03,correct,11800,,,,,,,,,,,,,,,,,,,,,,,,,
hp_ABX_passivetest,hp_mpb7r58c_ucbz5lai,test_withinAKG_noHP_vs_akg12_male_r03,reference,akg12_m_r03,correct,4982,,,,,,,,,,,,,,,,,,,,,,,,,
hp_ABX_passivetest,hp_mpb7r58c_ucbz5lai,test_withinDIY_noHP_vs_diy45_female_r01,reference,diy45_f_r01,correct,11133,,,,,,,,,,,,,,,,,,,,,,,,,
hp_ABX_passivetest,hp_mpb7r58c_ucbz5lai,test_withinAKG_noHP_vs_akg12_female_r01,reference,akg12_f_r01,correct,9049,,,,,,,,,,,,,,,,,,,,,,,,,
hp_ABX_passivetest,hp_mpb7r58c_ucbz5lai,test_withinAKG_noHP_vs_akg30_male_r01,reference,akg30_m_r01,incorrect,24482,,,,,,,,,,,,,,,,,,,,,,,,,
hp_ABX_passivetest,hp_mpb7r58c_ucbz5lai,test_withinAKG_noHP_vs_akg0_male_r02,reference,akg0_m_r02,correct,6902,,,,,,,,,,,,,,,,,,,,,,,,,
hp_ABX_passivetest,hp_mpb7r58c_ucbz5lai,test_withinDIY_noHP_vs_diy12_female_r02,reference,diy12_f_r02,correct,7367,,,,,,,,,,,,,,,,,,,,,,,,,
hp_ABX_passivetest,hp_mpb7r58c_ucbz5lai,test_withinAKG_noHP_vs_akg60_female_r02,reference,akg60_f_r02,incorrect,21547,,,,,,,,,,,,,,,,,,,,,,,,,
hp_ABX_passivetest,hp_mpb7r58c_ucbz5lai,test_withinDIY_noHP_vs_diy45_female_r02,reference,diy45_f_r02,correct,10665,,,,,,,,,,,,,,,,,,,,,,,,,
hp_ABX_passivetest,hp_mpb7r58c_ucbz5lai,test_withinAKG_noHP_vs_akg60_male_r03,reference,akg60_m_r03,correct,24631,,,,,,,,,,,,,,,,,,,,,,,,,
hp_ABX_passivetest,hp_mpb7r58c_ucbz5lai,test_withinAKG_noHP_vs_akg60_female_r01,reference,akg60_f_r01,correct,20698,,,,,,,,,,,,,,,,,,,,,,,,,
hp_ABX_passivetest,hp_mpb7r58c_ucbz5lai,test_withinAKG_noHP_vs_akg30_female_r02,reference,akg30_f_r02,correct,8897,,,,,,,,,,,,,,,,,,,,,,,,,
hp_ABX_passivetest,hp_mpb7r58c_ucbz5lai,test_withinDIY_noHP_vs_diy45_male_r01,reference,diy45_m_r01,correct,9535,,,,,,,,,,,,,,,,,,,,,,,,,
hp_ABX_passivetest,hp_mpb7r58c_ucbz5lai,test_withinAKG_noHP_vs_akg12_female_r03,reference,akg12_f_r03,correct,9584,,,,,,,,,,,,,,,,,,,,,,,,,
hp_ABX_passivetest,hp_mpb7r58c_ucbz5lai,test_withinDIY_noHP_vs_diy30_male_r03,reference,diy30_m_r03,correct,10315,,,,,,,,,,,,,,,,,,,hp_ABX_passivetest,hp_mpb8ok76_oxs3tgtw,training_akg0_vs_akg60,reference,akg60_m,correct,45049
hp_ABX_passivetest,hp_mpb8ok76_oxs3tgtw,training_akg0_vs_akg60,reference,akg0_f,correct,25834,,,,,,,,,,,,,,,,,,,,,,,,,
hp_ABX_passivetest,hp_mpb8ok76_oxs3tgtw,test_sennheiserDummy_noHP_vs_hd650_female_r02,reference,hd650_f_r02,correct,18434,,,,,,,,,,,,,,,,,,,,,,,,,
hp_ABX_passivetest,hp_mpb8ok76_oxs3tgtw,test_withinAKG_noHP_vs_akg45_female_r03,reference,akg45_f_r03,correct,67742,,,,,,,,,,,,,,,,,,,,,,,,,
hp_ABX_passivetest,hp_mpb8ok76_oxs3tgtw,test_withinDIY_noHP_vs_diy12_male_r01,reference,diy12_m_r01,correct,42777,,,,,,,,,,,,,,,,,,,,,,,,,
hp_ABX_passivetest,hp_mpb8ok76_oxs3tgtw,test_withinAKG_noHP_vs_akg30_female_r02,reference,akg30_f_r02,correct,92565,,,,,,,,,,,,,,,,,,,,,,,,,
hp_ABX_passivetest,hp_mpb8ok76_oxs3tgtw,test_withinAKG_noHP_vs_akg45_male_r01,reference,akg45_m_r01,correct,40967,,,,,,,,,,,,,,,,,,,,,,,,,
hp_ABX_passivetest,hp_mpb8ok76_oxs3tgtw,test_withinAKG_noHP_vs_akg12_male_r03,reference,akg12_m_r03,correct,22084,,,,,,,,,,,,,,,,,,,,,,,,,
hp_ABX_passivetest,hp_mpb8ok76_oxs3tgtw,test_sennheiserDummy_noHP_vs_hd650_female_r01,reference,hd650_f_r01,correct,13846,,,,,,,,,,,,,,,,,,,,,,,,,
hp_ABX_passivetest,hp_mpb8ok76_oxs3tgtw,test_withinAKG_noHP_vs_akg12_female_r02,reference,akg12_f_r02,correct,17015,,,,,,,,,,,,,,,,,,,,,,,,,
hp_ABX_passivetest,hp_mpb8ok76_oxs3tgtw,test_withinDIY_noHP_vs_diy45_female_r01,reference,diy45_f_r01,correct,54064,,,,,,,,,,,,,,,,,,,,,,,,,
hp_ABX_passivetest,hp_mpb8ok76_oxs3tgtw,test_withinAKG_noHP_vs_akg60_male_r01,reference,akg60_m_r01,correct,66783,,,,,,,,,,,,,,,,,,,,,,,,,
hp_ABX_passivetest,hp_mpb8ok76_oxs3tgtw,test_withinAKG_noHP_vs_akg0_female_r01,reference,akg0_f_r01,correct,16466,,,,,,,,,,,,,,,,,,,,,,,,,
hp_ABX_passivetest,hp_mpb8ok76_oxs3tgtw,test_withinDIY_noHP_vs_diy30_male_r02,reference,diy30_m_r02,correct,14915,,,,,,,,,,,,,,,,,,,,,,,,,
hp_ABX_passivetest,hp_mpb8ok76_oxs3tgtw,test_sennheiserDummy_noHP_vs_hd650_male_r01,reference,hd650_m_r01,correct,12415,,,,,,,,,,,,,,,,,,,,,,,,,
hp_ABX_passivetest,hp_mpb8ok76_oxs3tgtw,test_withinDIY_noHP_vs_diy30_female_r01,reference,diy30_f_r01,correct,32648,,,,,,,,,,,,,,,,,,,,,,,,,
hp_ABX_passivetest,hp_mpb8ok76_oxs3tgtw,test_withinAKG_noHP_vs_akg60_male_r03,reference,akg60_m_r03,correct,50900,,,,,,,,,,,,,,,,,,,,,,,,,
hp_ABX_passivetest,hp_mpb8ok76_oxs3tgtw,test_withinAKG_noHP_vs_akg12_male_r02,reference,akg12_m_r02,correct,13267,,,,,,,,,,,,,,,,,,,,,,,,,
hp_ABX_passivetest,hp_mpb8ok76_oxs3tgtw,test_withinDIY_noHP_vs_diy30_male_r01,reference,diy30_m_r01,correct,19515,,,,,,,,,,,,,,,,,,,,,,,,,
hp_ABX_passivetest,hp_mpb8ok76_oxs3tgtw,test_withinAKG_noHP_vs_akg0_male_r03,reference,akg0_m_r03,correct,13868,,,,,,,,,,,,,,,,,,,,,,,,,
hp_ABX_passivetest,hp_mpb8ok76_oxs3tgtw,test_withinAKG_noHP_vs_akg45_female_r01,reference,akg45_f_r01,correct,32663,,,,,,,,,,,,,,,,,,,,,,,,,
hp_ABX_passivetest,hp_mpb8ok76_oxs3tgtw,test_withinDIY_noHP_vs_diy12_male_r02,reference,diy12_m_r02,correct,18781,,,,,,,,,,,,,,,,,,,,,,,,,
hp_ABX_passivetest,hp_mpb8ok76_oxs3tgtw,test_withinDIY_noHP_vs_diy45_female_r02,reference,diy45_f_r02,incorrect,26164,,,,,,,,,,,,,,,,,,,,,,,,,
hp_ABX_passivetest,hp_mpb8ok76_oxs3tgtw,test_withinAKG_noHP_vs_akg60_male_r02,reference,akg60_m_r02,correct,48641,,,,,,,,,,,,,,,,,,,,,,,,,
hp_ABX_passivetest,hp_mpb8ok76_oxs3tgtw,test_withinDIY_noHP_vs_diy12_male_r03,reference,diy12_m_r03,correct,15484,,,,,,,,,,,,,,,,,,,,,,,,,
hp_ABX_passivetest,hp_mpb8ok76_oxs3tgtw,test_withinAKG_noHP_vs_akg60_female_r03,reference,akg60_f_r03,correct,26648,,,,,,,,,,,,,,,,,,,,,,,,,
hp_ABX_passivetest,hp_mpb8ok76_oxs3tgtw,test_sennheiserDummy_noHP_vs_hd650_female_r03,reference,hd650_f_r03,correct,18667,,,,,,,,,,,,,,,,,,,,,,,,,
hp_ABX_passivetest,hp_mpb8ok76_oxs3tgtw,test_withinAKG_noHP_vs_akg0_female_r02,reference,akg0_f_r02,correct,12967,,,,,,,,,,,,,,,,,,,,,,,,,
hp_ABX_passivetest,hp_mpb8ok76_oxs3tgtw,test_withinDIY_noHP_vs_diy12_female_r02,reference,diy12_f_r02,correct,11346,,,,,,,,,,,,,,,,,,,,,,,,,
hp_ABX_passivetest,hp_mpb8ok76_oxs3tgtw,test_withinAKG_noHP_vs_akg0_female_r03,reference,akg0_f_r03,correct,9884,,,,,,,,,,,,,,,,,,,,,,,,,
hp_ABX_passivetest,hp_mpb8ok76_oxs3tgtw,test_withinAKG_noHP_vs_akg30_male_r02,reference,akg30_m_r02,incorrect,55482,,,,,,,,,,,,,,,,,,,,,,,,,
hp_ABX_passivetest,hp_mpb8ok76_oxs3tgtw,test_withinDIY_noHP_vs_diy30_female_r02,reference,diy30_f_r02,correct,29748,,,,,,,,,,,,,,,,,,,,,,,,,
hp_ABX_passivetest,hp_mpb8ok76_oxs3tgtw,test_withinAKG_noHP_vs_akg0_male_r01,reference,akg0_m_r01,correct,14752,,,,,,,,,,,,,,,,,,,,,,,,,
hp_ABX_passivetest,hp_mpb8ok76_oxs3tgtw,test_withinAKG_noHP_vs_akg45_female_r02,reference,akg45_f_r02,correct,53948,,,,,,,,,,,,,,,,,,,,,,,,,
hp_ABX_passivetest,hp_mpb8ok76_oxs3tgtw,test_sennheiserDummy_noHP_vs_hd650_male_r02,reference,hd650_m_r02,correct,9665,,,,,,,,,,,,,,,,,,,,,,,,,
hp_ABX_passivetest,hp_mpb8ok76_oxs3tgtw,test_withinDIY_noHP_vs_diy30_female_r03,reference,diy30_f_r03,correct,11416,,,,,,,,,,,,,,,,,,,,,,,,,
hp_ABX_passivetest,hp_mpb8ok76_oxs3tgtw,test_withinDIY_noHP_vs_diy45_male_r01,reference,diy45_m_r01,correct,8997,,,,,,,,,,,,,,,,,,,,,,,,,
hp_ABX_passivetest,hp_mpb8ok76_oxs3tgtw,test_withinDIY_noHP_vs_diy12_female_r01,reference,diy12_f_r01,correct,12731,,,,,,,,,,,,,,,,,,,,,,,,,
hp_ABX_passivetest,hp_mpb8ok76_oxs3tgtw,test_withinDIY_noHP_vs_diy45_male_r03,reference,diy45_m_r03,correct,16215,,,,,,,,,,,,,,,,,,,,,,,,,
hp_ABX_passivetest,hp_mpb8ok76_oxs3tgtw,test_withinAKG_noHP_vs_akg12_female_r01,reference,akg12_f_r01,correct,14102,,,,,,,,,,,,,,,,,,,,,,,,,
hp_ABX_passivetest,hp_mpb8ok76_oxs3tgtw,test_withinAKG_noHP_vs_akg30_female_r01,reference,akg30_f_r01,incorrect,21330,,,,,,,,,,,,,,,,,,,,,,,,,
hp_ABX_passivetest,hp_mpb8ok76_oxs3tgtw,test_withinAKG_noHP_vs_akg0_male_r02,reference,akg0_m_r02,correct,12164,,,,,,,,,,,,,,,,,,,,,,,,,
hp_ABX_passivetest,hp_mpb8ok76_oxs3tgtw,test_withinDIY_noHP_vs_diy12_female_r03,reference,diy12_f_r03,correct,10893,,,,,,,,,,,,,,,,,,,,,,,,,
hp_ABX_passivetest,hp_mpb8ok76_oxs3tgtw,test_withinAKG_noHP_vs_akg12_male_r01,reference,akg12_m_r01,correct,13915,,,,,,,,,,,,,,,,,,,,,,,,,
hp_ABX_passivetest,hp_mpb8ok76_oxs3tgtw,test_withinAKG_noHP_vs_akg30_male_r03,reference,akg30_m_r03,incorrect,29918,,,,,,,,,,,,,,,,,,,,,,,,,
hp_ABX_passivetest,hp_mpb8ok76_oxs3tgtw,test_withinAKG_noHP_vs_akg60_female_r01,reference,akg60_f_r01,incorrect,37084,,,,,,,,,,,,,,,,,,,,,,,,,
hp_ABX_passivetest,hp_mpb8ok76_oxs3tgtw,test_withinDIY_noHP_vs_diy30_male_r03,reference,diy30_m_r03,correct,18116,,,,,,,,,,,,,,,,,,,,,,,,,
hp_ABX_passivetest,hp_mpb8ok76_oxs3tgtw,test_withinAKG_noHP_vs_akg12_female_r03,reference,akg12_f_r03,correct,17233,,,,,,,,,,,,,,,,,,,,,,,,,
hp_ABX_passivetest,hp_mpb8ok76_oxs3tgtw,test_withinDIY_noHP_vs_diy45_female_r03,reference,diy45_f_r03,incorrect,30048,,,,,,,,,,,,,,,,,,,,,,,,,
hp_ABX_passivetest,hp_mpb8ok76_oxs3tgtw,test_withinAKG_noHP_vs_akg45_male_r02,reference,akg45_m_r02,correct,25169,,,,,,,,,,,,,,,,,,,,,,,,,
hp_ABX_passivetest,hp_mpb8ok76_oxs3tgtw,test_sennheiserDummy_noHP_vs_hd650_male_r03,reference,hd650_m_r03,correct,12195,,,,,,,,,,,,,,,,,,,,,,,,,
hp_ABX_passivetest,hp_mpb8ok76_oxs3tgtw,test_withinAKG_noHP_vs_akg45_male_r03,reference,akg45_m_r03,correct,20800,,,,,,,,,,,,,,,,,,,,,,,,,
hp_ABX_passivetest,hp_mpb8ok76_oxs3tgtw,test_withinAKG_noHP_vs_akg30_female_r03,reference,akg30_f_r03,correct,36064,,,,,,,,,,,,,,,,,,,,,,,,,
hp_ABX_passivetest,hp_mpb8ok76_oxs3tgtw,test_withinAKG_noHP_vs_akg30_male_r01,reference,akg30_m_r01,correct,14133,,,,,,,,,,,,,,,,,,,,,,,,,
hp_ABX_passivetest,hp_mpb8ok76_oxs3tgtw,test_withinDIY_noHP_vs_diy45_male_r02,reference,diy45_m_r02,correct,20166,,,,,,,,,,,,,,,,,,,,,,,,,
hp_ABX_passivetest,hp_mpb8ok76_oxs3tgtw,test_withinAKG_noHP_vs_akg60_female_r02,reference,akg60_f_r02,correct,17697,,,,,,,,,,,,,,,,,,,,,,,,,
hp_ABX_passivetest,hp_mpcf0pc0_krr2rz13,training_akg0_vs_akg60,reference,akg60_m,correct,8294,,,,,,,,,,,,,,,,,,,,,,,,,
hp_ABX_passivetest,hp_mpcf0pc0_krr2rz13,training_akg0_vs_akg60,reference,akg0_f,correct,8208,,,,,,,,,,,,,,,,,,,,,,,,,
hp_ABX_passivetest,hp_mpcf0pc0_krr2rz13,test_withinDIY_noHP_vs_diy12_male_r03,reference,diy12_m_r03,correct,21350,,,,,,,,,,,,,,,,,,,,,,,,,
hp_ABX_passivetest,hp_mpcf0pc0_krr2rz13,test_withinAKG_noHP_vs_akg30_male_r01,reference,akg30_m_r01,correct,18031,,,,,,,,,,,,,,,,,,,,,,,,,
hp_ABX_passivetest,hp_mpcf0pc0_krr2rz13,test_withinAKG_noHP_vs_akg30_male_r03,reference,akg30_m_r03,correct,13563,,,,,,,,,,,,,,,,,,,,,,,,,
hp_ABX_passivetest,hp_mpcf0pc0_krr2rz13,test_withinAKG_noHP_vs_akg30_male_r02,reference,akg30_m_r02,correct,32634,,,,,,,,,,,,,,,,,,,,,,,,,
hp_ABX_passivetest,hp_mpcf0pc0_krr2rz13,test_withinDIY_noHP_vs_diy30_female_r02,reference,diy30_f_r02,correct,6030,,,,,,,,,,,,,,,,,,,,,,,,,
hp_ABX_passivetest,hp_mpcf0pc0_krr2rz13,test_withinAKG_noHP_vs_akg45_male_r03,reference,akg45_m_r03,correct,20417,,,,,,,,,,,,,,,,,,,,,,,,,
hp_ABX_passivetest,hp_mpcf0pc0_krr2rz13,test_withinAKG_noHP_vs_akg60_male_r03,reference,akg60_m_r03,correct,12715,,,,,,,,,,,,,,,,,,,,,,,,,
hp_ABX_passivetest,hp_mpcf0pc0_krr2rz13,test_withinDIY_noHP_vs_diy45_female_r01,reference,diy45_f_r01,correct,7030,,,,,,,,,,,,,,,,,,,,,,,,,
hp_ABX_passivetest,hp_mpcf0pc0_krr2rz13,test_withinDIY_noHP_vs_diy12_female_r02,reference,diy12_f_r02,correct,6263,,,,,,,,,,,,,,,,,,,,,,,,,
hp_ABX_passivetest,hp_mpcf0pc0_krr2rz13,test_withinAKG_noHP_vs_akg60_female_r02,reference,akg60_f_r02,incorrect,14779,,,,,,,,,,,,,,,,,,,,,,,,,
hp_ABX_passivetest,hp_mpcf0pc0_krr2rz13,test_withinDIY_noHP_vs_diy30_male_r02,reference,diy30_m_r02,correct,5314,,,,,,,,,,,,,,,,,,,,,,,,,
hp_ABX_passivetest,hp_mpcf0pc0_krr2rz13,test_withinAKG_noHP_vs_akg45_male_r02,reference,akg45_m_r02,correct,6115,,,,,,,,,,,,,,,,,,,,,,,,,
hp_ABX_passivetest,hp_mpcf0pc0_krr2rz13,test_withinAKG_noHP_vs_akg12_female_r01,reference,akg12_f_r01,correct,5183,,,,,,,,,,,,,,,,,,,,,,,,,
hp_ABX_passivetest,hp_mpcf0pc0_krr2rz13,test_withinDIY_noHP_vs_diy12_female_r01,reference,diy12_f_r01,correct,5747,,,,,,,,,,,,,,,,,,,,,,,,,
hp_ABX_passivetest,hp_mpcf0pc0_krr2rz13,test_withinAKG_noHP_vs_akg12_male_r02,reference,akg12_m_r02,correct,4580,,,,,,,,,,,,,,,,,,,,,,,,,
hp_ABX_passivetest,hp_mpcf0pc0_krr2rz13,test_withinAKG_noHP_vs_akg12_male_r03,reference,akg12_m_r03,correct,5016,,,,,,,,,,,,,,,,,,,,,,,,,
hp_ABX_passivetest,hp_mpcf0pc0_krr2rz13,test_withinAKG_noHP_vs_akg0_male_r01,reference,akg0_m_r01,correct,5147,,,,,,,,,,,,,,,,,,,,,,,,,
hp_ABX_passivetest,hp_mpcf0pc0_krr2rz13,test_withinDIY_noHP_vs_diy45_male_r01,reference,diy45_m_r01,correct,4731,,,,,,,,,,,,,,,,,,,,,,,,,
hp_ABX_passivetest,hp_mpcf0pc0_krr2rz13,test_withinAKG_noHP_vs_akg30_female_r03,reference,akg30_f_r03,correct,6403,,,,,,,,,,,,,,,,,,,,,,,,,
hp_ABX_passivetest,hp_mpcf0pc0_krr2rz13,test_withinAKG_noHP_vs_akg30_female_r01,reference,akg30_f_r01,correct,7106,,,,,,,,,,,,,,,,,,,,,,,,,
hp_ABX_passivetest,hp_mpcf0pc0_krr2rz13,test_withinDIY_noHP_vs_diy45_female_r02,reference,diy45_f_r02,correct,4464,,,,,,,,,,,,,,,,,,,,,,,,,
hp_ABX_passivetest,hp_mpcf0pc0_krr2rz13,test_withinDIY_noHP_vs_diy12_male_r01,reference,diy12_m_r01,correct,4915,,,,,,,,,,,,,,,,,,,,,,,,,
hp_ABX_passivetest,hp_mpcf0pc0_krr2rz13,test_withinAKG_noHP_vs_akg12_female_r02,reference,akg12_f_r02,correct,4478,,,,,,,,,,,,,,,,,,,,,,,,,
hp_ABX_passivetest,hp_mpcf0pc0_krr2rz13,test_withinDIY_noHP_vs_diy45_female_r03,reference,diy45_f_r03,correct,12113,,,,,,,,,,,,,,,,,,,,,,,,,
hp_ABX_passivetest,hp_mpcf0pc0_krr2rz13,test_withinAKG_noHP_vs_akg0_female_r03,reference,akg0_f_r03,correct,3729,,,,,,,,,,,,,,,,,,,,,,,,,
hp_ABX_passivetest,hp_mpcf0pc0_krr2rz13,test_withinAKG_noHP_vs_akg0_male_r03,reference,akg0_m_r03,correct,3748,,,,,,,,,,,,,,,,,,,,,,,,,
hp_ABX_passivetest,hp_mpcf0pc0_krr2rz13,test_withinDIY_noHP_vs_diy12_male_r02,reference,diy12_m_r02,correct,4979,,,,,,,,,,,,,,,,,,,,,,,,,
hp_ABX_passivetest,hp_mpcf0pc0_krr2rz13,test_withinAKG_noHP_vs_akg60_male_r01,reference,akg60_m_r01,correct,7880,,,,,,,,,,,,,,,,,,,,,,,,,
hp_ABX_passivetest,hp_mpcf0pc0_krr2rz13,test_sennheiserDummy_noHP_vs_hd650_female_r03,reference,hd650_f_r03,correct,8834,,,,,,,,,,,,,,,,,,,,,,,,,
hp_ABX_passivetest,hp_mpcf0pc0_krr2rz13,test_withinDIY_noHP_vs_diy30_female_r01,reference,diy30_f_r01,correct,13481,,,,,,,,,,,,,,,,,,,,,,,,,
hp_ABX_passivetest,hp_mpcf0pc0_krr2rz13,test_withinAKG_noHP_vs_akg45_male_r01,reference,akg45_m_r01,correct,6381,,,,,,,,,,,,,,,,,,,,,,,,,
hp_ABX_passivetest,hp_mpcf0pc0_krr2rz13,test_sennheiserDummy_noHP_vs_hd650_male_r02,reference,hd650_m_r02,correct,4681,,,,,,,,,,,,,,,,,,,,,,,,,
hp_ABX_passivetest,hp_mpcf0pc0_krr2rz13,test_withinDIY_noHP_vs_diy45_male_r02,reference,diy45_m_r02,correct,5747,,,,,,,,,,,,,,,,,,,,,,,,,
hp_ABX_passivetest,hp_mpcf0pc0_krr2rz13,test_withinDIY_noHP_vs_diy30_male_r03,reference,diy30_m_r03,correct,5201,,,,,,,,,,,,,,,,,,,,,,,,,
hp_ABX_passivetest,hp_mpcf0pc0_krr2rz13,test_sennheiserDummy_noHP_vs_hd650_female_r01,reference,hd650_f_r01,correct,3714,,,,,,,,,,,,,,,,,,,,,,,,,
hp_ABX_passivetest,hp_mpcf0pc0_krr2rz13,test_withinDIY_noHP_vs_diy12_female_r03,reference,diy12_f_r03,correct,5097,,,,,,,,,,,,,,,,,,,,,,,,,
hp_ABX_passivetest,hp_mpcf0pc0_krr2rz13,test_withinAKG_noHP_vs_akg45_female_r01,reference,akg45_f_r01,correct,23847,,,,,,,,,,,,,,,,,,,,,,,,,
hp_ABX_passivetest,hp_mpcf0pc0_krr2rz13,test_withinAKG_noHP_vs_akg45_female_r03,reference,akg45_f_r03,correct,7031,,,,,,,,,,,,,,,,,,,,,,,,,
hp_ABX_passivetest,hp_mpcf0pc0_krr2rz13,test_withinAKG_noHP_vs_akg60_female_r03,reference,akg60_f_r03,correct,7779,,,,,,,,,,,,,,,,,,,,,,,,,
hp_ABX_passivetest,hp_mpcf0pc0_krr2rz13,test_withinDIY_noHP_vs_diy45_male_r03,reference,diy45_m_r03,correct,22516,,,,,,,,,,,,,,,,,,,,,,,,,
hp_ABX_passivetest,hp_mpcf0pc0_krr2rz13,test_withinAKG_noHP_vs_akg12_female_r03,reference,akg12_f_r03,correct,5162,,,,,,,,,,,,,,,,,,,,,,,,,
hp_ABX_passivetest,hp_mpcf0pc0_krr2rz13,test_sennheiserDummy_noHP_vs_hd650_male_r01,reference,hd650_m_r01,correct,5699,,,,,,,,,,,,,,,,,,,,,,,,,
hp_ABX_passivetest,hp_mpcf0pc0_krr2rz13,test_withinAKG_noHP_vs_akg0_male_r02,reference,akg0_m_r02,correct,4066,,,,,,,,,,,,,,,,,,,,,,,,,
hp_ABX_passivetest,hp_mpcf0pc0_krr2rz13,test_withinAKG_noHP_vs_akg0_female_r01,reference,akg0_f_r01,correct,4296,,,,,,,,,,,,,,,,,,,,,,,,,
hp_ABX_passivetest,hp_mpcf0pc0_krr2rz13,test_sennheiserDummy_noHP_vs_hd650_female_r02,reference,hd650_f_r02,correct,3162,,,,,,,,,,,,,,,,,,,,,,,,,
hp_ABX_passivetest,hp_mpcf0pc0_krr2rz13,test_withinAKG_noHP_vs_akg60_male_r02,reference,akg60_m_r02,incorrect,5065,,,,,,,,,,,,,,,,,,,,,,,,,
hp_ABX_passivetest,hp_mpcf0pc0_krr2rz13,test_sennheiserDummy_noHP_vs_hd650_male_r03,reference,hd650_m_r03,correct,5083,,,,,,,,,,,,,,,,,,,,,,,,,
hp_ABX_passivetest,hp_mpcf0pc0_krr2rz13,test_withinAKG_noHP_vs_akg12_male_r01,reference,akg12_m_r01,correct,5929,,,,,,,,,,,,,,,,,,,,,,,,,
hp_ABX_passivetest,hp_mpcf0pc0_krr2rz13,test_withinDIY_noHP_vs_diy30_male_r01,reference,diy30_m_r01,correct,4199,,,,,,,,,,,,,,,,,,,,,,,,,
hp_ABX_passivetest,hp_mpcf0pc0_krr2rz13,test_withinAKG_noHP_vs_akg30_female_r02,reference,akg30_f_r02,incorrect,4913,,,,,,,,,,,,,,,,,,,,,,,,,
hp_ABX_passivetest,hp_mpcf0pc0_krr2rz13,test_withinAKG_noHP_vs_akg60_female_r01,reference,akg60_f_r01,correct,5082,,,,,,,,,,,,,,,,,,,,,,,,,
hp_ABX_passivetest,hp_mpcf0pc0_krr2rz13,test_withinDIY_noHP_vs_diy30_female_r03,reference,diy30_f_r03,correct,8331,,,,,,,,,,,,,,,,,,,,,,,,,
hp_ABX_passivetest,hp_mpcf0pc0_krr2rz13,test_withinAKG_noHP_vs_akg0_female_r02,reference,akg0_f_r02,correct,5230,,,,,,,,,,,,,,,,,,,,,,,,,
hp_ABX_passivetest,hp_mpcf0pc0_krr2rz13,test_withinAKG_noHP_vs_akg45_female_r02,reference,akg45_f_r02,correct,4778,,,,,,,,,,,,,,,,,,,,,,,,,